Language,louse,,two,,water,,ear,,die,,I,,liver,,eye,,hand,,hear,,tree,,fish,,"name_(noun,though_some_overlap_with_verb)",,stone,,tooth,,breast,,you_(sing.),,path,,bone,,tongue,,skin,,night,,leaf,,"rain_(vb.,mostly)",,kill_(pl._obj.),,kill_(sing./dual_obj.),,blood,,horn,,person,,knee,,one,,nose,,full,,come,,star,,mountain,,fire,,we,,to_drink,,to_see,,bark(tree),,new,,dog,,sun,,to_fly,,"fat,_grease_(substance)",,moon,,give,,heart,,feather_(not_down),,white,,yellow,,bird,,head,,earth_1_(primarily_mud_clay),,earth_2_(primarily_land _landform_ground_soil_world),,foot,,black,,mouth,,green_blue,,sleep,,what,,root,,claw,,bite,,ash/ashes,,red,,eat,,egg,,who,,dry,,hair,,smoke_(primarily_noun),,not,,this,,seed,,woman,,round,,long,,stand,,good,,man,,cold,,flesh_(meat),,neck,,to_say,,to_burn,,tail,,sand,,that/that_one,,walk,,sit,,many,,all,,know,,cloud,,swim,,belly ,,big,,hot,,lie_(down),,small,
,IPA,tipa,IPA,tipa,IPA,tipa,IPA,tipa,IPA,tipa,IPA,tipa,IPA,tipa,IPA,tipa,IPA,tipa,IPA,tipa,IPA,tipa,IPA,tipa,IPA,tipa,IPA,tipa,IPA,tipa,IPA,tipa,IPA,tipa,IPA,tipa,IPA,tipa,IPA,tipa,IPA,tipa,IPA,tipa,IPA,tipa,IPA,tipa,IPA,tipa,IPA,tipa,IPA,tipa,IPA,tipa,IPA,tipa,IPA,tipa,IPA,tipa,IPA,tipa,IPA,tipa,IPA,tipa,IPA,tipa,IPA,tipa,IPA,tipa,IPA,tipa,IPA,tipa,IPA,tipa,IPA,tipa,IPA,tipa,IPA,tipa,IPA,tipa,IPA,tipa,IPA,tipa,IPA,tipa,IPA,tipa,IPA,tipa,IPA,tipa,IPA,tipa,IPA,tipa,IPA,tipa,IPA,tipa,IPA,tipa,IPA,tipa,IPA,tipa,IPA,tipa,IPA,tipa,IPA,tipa,IPA,tipa,IPA,tipa,IPA,tipa,IPA,tipa,IPA,tipa,IPA,tipa,IPA,tipa,IPA,tipa,IPA,tipa,IPA,tipa,IPA,tipa,IPA,tipa,IPA,tipa,IPA,tipa,IPA,tipa,IPA,tipa,IPA,tipa,IPA,tipa,IPA,tipa,IPA,tipa,IPA,tipa,IPA,tipa,IPA,tipa,IPA,tipa,IPA,tipa,IPA,tipa,IPA,tipa,IPA,tipa,IPA,tipa,IPA,tipa,IPA,tipa,IPA,tipa,IPA,tipa,IPA,tipa,IPA,tipa,IPA,tipa,IPA,tipa,IPA,tipa,IPA,tipa,IPA,tipa,IPA,tipa,IPA,tipa
,,,,,,,,,,,,,,,,,,,,,,,,,,,,,,,,,,,,,,,,,,,,,,,,,,,,,,,,,,,,,,,,,,,,,,,,,,,,,,,,,,,,,,,,,,,,,,,,,,,,,,,,,,,,,,,,,,,,,,,,,,,,,,,,,,,,,,,,,,,,,,,,,,,,,,,,,,,,,,,,,,,,,,,,,,,,,,,,,,,,,,,,,,,,,,,,,,,,,,,,,,,,
Northern_Paiute,potsiɑppi,pot\super siAppi,wɑhɑ,wAhA,pɑ̄,p\=A,nɑkkɑ,nAkkA,jɑi | jɑɁi,jAi | jAPi,nɯ,nW,nɯwɯ,nWwW,pu­,pu{\textipa{-}},mɑ­,mA{\textipa{-}},nɑkkɑ,nAkkA,kunu,kunu,pɑkkwi,pAkk\super wi,nɑnijɑnnɑ,nAnijAnnA,tɯpi,tWpi,tɑmɑ,tAmA,,,ɯ,W,po̱,p\=*o,tsihoporo,t\super sihoporo,iko,iko,ppɯhɯ,ppWhW,tokɑ̄no,tok\=Ano,nɑkkɑ,nAkkA,pɑumɑpɑ,pAumApA,kkoi,kkoi,pɑtsɑ,pAt\super sA,pɯ̄,p\=W,ɑ̄,\=A,nɯmɯ,nWmW,miɑwo,miAwo,sɯmɯ,sWmW,mopi,mopi,wɯtsɯmiʔhōʔō,wWt\super sWmiPh\=oP\=o,kkimmɑ,kkimmA,pɑ̄tusupɑ,p\=AtusupA,kɑipɑ,kAipA,ku­,ku{\textipa{-}},ttɑmmi,ttAmmi,hipiu,hipiu,punni,punni,poʔa,poPa,ppɯtɯ,ppWtW,ppukku,ppukku,ttɑpɑ,ttApA,jotsi,jot\super si,juhupi,juhupi,mɯhɑ,mWhA,mɑkkɑ,mAkkA,ppiwɯ,ppiwW,kɑssɑ,kAssA,tohɑ,tohA,ohɑ,ohA,hutsipa,hut\super sipa,ttsopiki,tt\super sopiki,tʃɑ̄kwi,t\super S\=Ak\super wi,jippɯ | ttīppɑ,jippW | tt\={\i}ppA,soko­,soko{\textipa{-}},ttū | ttu | ttuhu,tt\=u | ttu | ttuhu,tɯppɑ,tWppA,puhi | pui,puhi | pui,ɯwi,Wwi,hī,h\={\i},tɯnɑ,tWnA,mɑttˢitu | tˢitu,mAtt\super situ | t\super situ,kkɯi,kkWi,kūtusipɯ,k\=utusipW,ɑtˢɑ̱,At\super s\=*A,ttɯkkɑ,ttWkkA,noho,noho,hɑkɑ,hAkA,pɑsɑ,pAsA,tsopɯhɯ,t\super sopWhW,,,kɑi,kAi,isu | ikiɑ,isu | ikiA,wotɯppɑpui,wotWppApui,mokoʔni,mokoPni,pɑtsiponoɑ,pAt\super siponoA,wɯ­ | utɯ,wW{\textipa{-}} | utW,ʔwɯnɯ,PwWnW,pisɑ,pisA,nɑnɑ,nAnA,nɑʔɯtˢɯssɯ,nAPWt\super sWssW,tuku,tuku,kɑkiɑ,kAkiA,ttɯ̄kkʷi,tt\=Wkk\super wi,nɑi,nAi,kʷɑsi,k\super wAsi,pɑsiwɑpɯ,pAsiwApW,okɑ | osu,okA | osu,nɯmi ,nWmi ,kkɑttɯ,kkAttW,iwɑ,iwA,nōʔju,n\=oPju,mɑjɯ,mAjW,kumiɑ,kumiA,pɑhɑpi,pAhApi,,,ppɑpɑ,ppApA,ɯtɯtɯ ,WtWtW ,hɑpi | ­pokwɑ,hApi | {\textipa{-}}pok\super wA,tɯ̄tsi,t\=Wt\super si
Western_Mono,pusi̱ʔɑ,pus\=*iPA,wɑẖɑi,wA\=*hAi,pɑ̱jɑ,p\=*AjA,nɑ̱kkɑ,n\=*AkkA,tijɑwi­,tijAwi{\textipa{-}},nɯ,nW,nɯ̱wɯ,n\=*WwW,pu̱ssi,p\=*ussi,mɑ̱jɑ,m\=*AjA,nɑ̄qɑ,n\=AqA,wɯnɯ̱̄pɯ,wWn\={\=*W}pW,pɑ̱kkwi,p\=*Akk\super wi,nijɑ,nijA,tɯ̱ppi,t\=*Wppi,tɑ̱wɑ,t\=*AwA,pitsi̱ʔ,pit\super s\=*iP,ɯh,Wh,pōjo,p\=ojo,o̱ho,\=*oho,e̱ko ,\=*eko ,pɯ̱hɯ ,p\=*WhW ,tokɑwɑ̱no,tokAw\=*Ano,kɑ̱sɑ,k\=*AsA,tɯ̄hkwɑ,t\=WhkwA,qoi,qoi,pɑttˢɑ-,pAtt\super sA{\textipa{-}},pɑ̱̄ppi,p\={\=*A}ppi,ɑ̱wɑ,\=*AwA,nɯ̱̄mmɯ ,n\={\=*W}mmW,tɑnɑpo̱to | tɑnopo̱to | tonopo̱to,tAnAp\=*oto | tAnop\=*oto | tonop\=*oto,sɯ̱mɯʔ,s\=*WmWP,mu̱pi,m\=*upi,wɯtsɯɁmi | tujuhɑ,wWt\super sWPmi | tujuhA,kimɑ­,kimA{\textipa{-}},tɑtˢino̱ppɯ,tAt\super sin\=*oppW,tojɑ̱pi,toj\=*Api,ko̱so,k\=*oso,tɑ,tA,hipi­,hipi{\textipa{-}},poni­ | puni­,poni{\textipa{-}} | puni{\textipa{-}},woɁɑ̱hqɑpɯ,woP\=*AhqApW,pɯtɯ,pWtW,pu̱kku,p\=*ukku,tɑtɑ̱pe,tAt\=*Ape,jottˢi­,jott\super si{\textipa{-}},juhu̱pi,juh\=*upi,tɑtɑwɯ̱ʔɑ | tɑtɑmɯ̱ʔɑ,tAtAw\=*WPA | tAtAm\=*WPA,mɑkkɑ­,mAkkA{\textipa{-}},pi̱ju,p\=*iju,kɑ̱sɑ,k\=*AsA,tuttˢitɑ̄ki­,tutt\super sit\=Aki{\textipa{-}},ohopɑnɑki­,ohopAnAki{\textipa{-}},tsīhpɑɁ,ts\={\i}pAP,koh,koh,,,tɯpi̱ppɯ,tWp\=*ippW,kɯ̱kkɯ,k\=*WkkW,tumoʔɑniki­ | tumuʔɑniki­,tumoPAniki{\textipa{-}} | tumuPAniki{\textipa{-}},tɯ̱ppe,t\=*Wppe,puhi,puhi,,,hɑ,hA,,,mɑsi̱to | tɑsi̱to,mAs\=*ito | tAs\=*ito,kɯ̄hni,k\=Whni,e̱hsijɑ,\=*ehsijA,ɑ̱hqɑpono,\=*AhqApono,tɯkkɑ­,tWkkA{\textipa{-}},no̱jo,n\=*ojo,,,pɑsɑ­,pAsA{\textipa{-}},wōh,w\=oh,kuhkuhih,kuhkuhih,kɑ̱tuʔ,k\=*AtuP,,,pu̱ssi,p\=*ussi,,,ɯttɯpponok­,WttWpponok{\textipa{-}},ɯtɯ | ɯtɯ̱ttu | pɑtɑkwɑjɑ,WtW | Wt\=*Wttu | pAtAkwAjA,wɯnɯ­ | jottˢi­,wWnW{\textipa{-}} | jott\super si{\textipa{-}},tˢɑ̱u,t\super s\=*Au,nɑnɑ,nAnA,ɯtˢɯʔɯ̱ttu,Wt\super sWP\=*Wttu,tu̱kku,t\=*ukku,ku̱ttɑ,k\=*uttA,ine | mihē | wɑqɑ | tɯ̄kkwi,ine | mih\=e | wAqA | t\=Wkkwi,,,kʷɑ̱tˢi,k\super w\=*At\super si,pɑsijɑ̱ppɯ,pAsij\=*AppW,u,u,,,qɑttɯ | jɯkkʷi,qAttW | jWkk\super wi,ewɑ,ewA,,,suttɑpɯhɑi | pumɑ̄tˢi­,suttApWhAi | pum\=At\super si{\textipa{-}},pɑkɯnɑ̱ppe | tō̱ppe | tōh ,pAkWn\=*Appe | t\={\=*o}ppe | t\=oh ,pɑhɑpi­,pAhApi{\textipa{-}},qohi,qohi,pɑpɑ,pApA,ɯtɯʔɯ̱ttu ,WtWP\=*Wttu ,hɑpi­,hApi{\textipa{-}},inottsiɁttsiɁ,inott\super sPtt\super siP
"Tümpisa_Shoshone_(Panamint,Koso)",posiɑttsi,posiAtt\super si,wɑhɑ | wɑhɑttɯn,wAhA | wAhAttWn,pɑ̄ | pɑ̄ttsi,p\=A | p\=Att\super si,nɑŋki,nANki,tijɑih,tijAih,nɯ | nɯ̄,nW | n\=W,nɯmɯ | nɯmɯttsi,nWmW | nWmWtt\super si,pui,pui,moɁo | mɑ­,moPo | mA{\textipa{-}},nɑŋkɑh,nANkAh,hū­,h\=u{\textipa{-}},pɑŋwi | peŋwi,pANwi | peNwi,nijɑ | nihɑ,nijA | nihA,tɯmpin,tWmpin,tɑmɑn,tAmAn,pitsi,pit\super si,ɯmmi | ɯ̄,Wmmi | \=W,poʔe | poʔettˢi | poʔi ,poPe | poPett\super si | poPi ,tˢuhmippɯh | tˢuhnippɯh ,t\super suhmippWh | t\super suhnippWh ,ekon | okon ,ekon | okon ,pɯhɯ | pɯhɯttˢi,pWhW | pWhWtt\super si,tukʷɑnni | tukʷɑwɑni ,tuk\super wAnni | tuk\super wAwAni ,pisi | pisittsi,pisi | pisitt\super si,ɯmɑ | ɯŋʷɑ ,WmA | WN\super wA ,,,pɑkkɑh,pAkkAh,pɑoppi,pAoppi,ɑ̄mɑ | ɑ̄mɑppɯh,\=AmA | \=AmAppWh,nɯmɯ,nWmW,tɑŋɑppɯh,tANAppWh,sɯmɯttɯn,sWmWttWn,mupin,mupin,wɯtsɯwitɑippɯh | tɯppekɯɑh | tɯppekɯɑtɑippɯh,wWt\super sWwitAippWh | tWppekWAh | tWppekWAtAippWh,kimmɑ,kimmA,tɑtˢiumpi,tAt\super siumpi,kɑi | tojɑpi | tojɑpin,kAi | tojApi | tojApin,kottō,kott\=o,tɑmmɯ,tAmmW,hipi,hipi,puni,puni,poʔɑ | poʔɑttˢi,poPA | poPAtt\super si,ɯkɯ,WkW,puŋku,puNku,tɑpe | tɑpettˢi | tɑpɑi | tɑpɑittˢi,tApe | tApett\super si | tApAi | tApAitt\super si,jɯtˢɯ,jWt\super sW,juhupin,juhupin,mɯɑ | mɯɑttˢi,mWA | mWAtt\super si,mɑkɑn | mɑkɑ,mAkAn | mAkA,pihwɯn,pihwWn,pɯhɯ(ttˢi),pWhW | pWhWtt\super si,tosɑpi(tɯn),tosApi | tosApitWn,oɑppɯh | oɑppi,oAppWh | oAppi,huittˢu,huitt\super su,pɑmpi | tˢo­,pAmpi | t\super so{\textipa{-}},pɑsɑkkʷinɑppɯh,pAsAkk\super winAppWh,sokopin | tɯpi(ppɯh),sokopin | tWpi | tWpippWh,nɑmpe,nAmpe,tū,t\=u,tɯmpe,tWmpe,puhipi(tɯn) | sɑkʷɑ̄pi(tɯn),puhipi | puhipitWn | sAk\super w\=Api | sAk\super w\=ApitWn,ɯppɯih,WppWih,hī,h\={\i},nɑttusuʔumpi | nɑttɑsuʔumpi,nAttusuPumpi | nAttAsuPumpi,mɑsitu | mɑsitunttˢi | tɑsitun | tɑsitunttˢi,mAsitu | mAsituntt\super si | tAsitun | tAsituntt\super si,kɯttˢiʔɑh,kWtt\super siPAh,kuttuhupin,kuttuhupin,ɑŋkɑpi(tɯn),ANkApi | ANkApitWn,tɯkkɑh,tWkkAh,nojopin,nojopin,hɑkɑtɯn | hɑkkɑ,hAkAtWn | hAkkA,pɑsɑ,pAsA,tsoppippɯh |  pɑmpi | pɑmpippɯh | pɯhɯ | pɯhɯtsih,t\super soppippWh |  pAmpi | pAmpippWh | pWhW | pWhWt\super sih,kukkʷīppɯh | kukkʷīppi,kukk\super w\={\i}ppWh | kukk\super w\={\i}ppi,ke | kē,ke | k\=e,si­ | sitɯ,si{\textipa{-}} | sitW,pehe | pehettsi | tɯpe,pehe | pehett\super si | tWpe,wɑɁippɯ | nɑwipin | nɑwipinttsi,wAPippW | nAwipin | nAwipintt\super si,ponottˢi,ponott\super si,kɯpɯtɑppi,kWpWtAppi,wɯnɯ,wWnW,tˢɑo,t\super sAo,tɑŋummɯ | tɑŋʷɑmmɯ,tANummW | tAN\super wAmmW,ɯitˢɯʔin,Wit\super sWPin,tukkuɑ(ttˢi) | tukkuɑpin,tukkuA | tukkuAtt\super si | tukkuApin,kutɑn,kutAn,tɯtīŋwɑ,tWt\={\i}NwA,kottō,kott\=o,kʷɑsi(ttˢi),k\super wAsi | k\super wAsitt\super si,pɑsiŋompin | pɑsiŋʷɑmpin,pAsiNompin | pAsiN\super wAmpin,sɑ­ | sɑtɯ,sA{\textipa{-}} | sAtW,miʔɑ | miɑ | miʔɑh | nɯmmi,miPA | miA | miPAh | nWmmi,kɑtɯ | jɯkʷi,kAtW | jWk\super wi,soʔo,soPo,sɯmɯsɯ | wɯmm | ojōntɯ | ojōntɯsɯ,sWmWsW | wWmm | oj\=ontW | oj\=ontWsW,sumpɑnɑi,sumpAnAi,pɑkɯ̄nɑpɯh ,pAk\=WnApWh ,nokoitsoih,nokoit\super soih,puno | sɑppɯh ,puno | sAppWh ,piɑ ,piA ,ɯtɯin,WtWin,hɑpi,hApi,tɯtɯttˢittˢi ,tWtWtt\super sitt\super si 
Big_Smokey_Valley_Shoshone,posiɑ,posiA,wɑɑtɯn,wAAtWn,pɑ̄,p\=A,nɑinki | nenki,nAinki | nenki,tiɑih,tiAih,nɯ,nW,nɯmɯn,nWmWn,puih,puih,mɑ­ | mō | moʔo,mA{\textipa{-}} | m\=o | moPo,nɑnkɑh,nAnkAh,hūppin | sohopin,h\=uppin | sohopin,penkwi,penk\super wi,nɑtɑppiniɑppɯh,nAtAppiniAppWh,tɯmpin,tWmpin,tɑmɑn,tAmAn,pitsi,pit\super si,ɯnnɯn | ɯmmi,WnnWn | Wmmi,poʔɑi | poʔe ,poPAi | poPe ,tˢuhni,t\super suhni,ɑikon | ekon ,Aikon | ekon ,pɯhɯ,pWhW,tukɑnippɯh,tukAnippWh,sɯki,sWki,ɯmɑ | pɑ̄ʔɯmɑ ,WmA | p\=APWmA ,wɑsɯ | kwɑsɯ,wAsW | k\super wAsW,pekkɑh | pɑikkɑh,pekkAh | pAikkAh,pɯ̄ppin ,p\=Wppin,ɑ̄n,\=An,nɯmɯ,nWmW,tɑnkɑppɯh | tɑnkɑppi,tAnkAppWh | tAnkAppi,sɯmmɯ,sWmmW,mupin,mupin,,,kimmɑ,kimmA,tɑtˢiʔɯmpin,tAt\super siPWmpin,tojɑpin,tojApin,ku­ | kottōh,ku{\textipa{-}} | kott\=oh,tɑmmɯn,tAmmWn,hipi,hipi,puni,puni,poʔɑn | poɑn | pohon,poPAn | poAn | pohon,ɯkɯ,WkW,punku | sɑtī,punku | sAt\={\i},tɑpɑi,tApAi,jɯtˢɯ,jWt\super sW,juhupin,juhupin,mɯɑ,mWA,mɑkɑ,mAkA,pihjɯn,pihjWn,kɑsɑ | pɯ̄sippɯh,kAsA | p\=WsippWh,tosɑ,tosA,ohwɑ | ohɑ | oɑ,ohwA | ohA | oA,huittˢū,huitt\super s\=u,pɑmpi | tˢo­,pAmpi | t\super so{\textipa{-}},pɑkkʷinɑppɯh | pɑsɑkkʷinɑppɯh,pAkk\super winAppWh | pAsAkk\super winAppWh,sokopin | sokoppɯh | tɯpiɑ,sokopin | sokoppWh | tWpiA,nɑmpɑi,nAmpAi,tū,t\=u,tɯmpɑi,tWmpAi,pui,pui,ɯppɯih,WppWih,hīn | hinnɑ,h\={\i}n | hinnA,tɯntɑnɑ | tɯtɑnɑ,tWntAnA | tWtAnA,mɑsitun | mɑsittun | tɑsittun,mAsitun | mAsittun | tAsittun,kɯttˢiʔɑh | kɯkkɑʔɑh,kWtt\super siPAh | kWkkAPAh,kuttˢɑ | kuttˢɑppɯh | kuttuttˢɑppɯh,kutt\super sA | kutt\super sAppWh | kuttutt\super sAppWh,ɑinkɑ­ | enkɑ­,AinkA{\textipa{-}} | enkA{\textipa{-}},tɯkkɑh,tWkkAh,nojo,nojo,hɑkɑtɯn,hAkAtWn,pɑsɑ,pAsA,wɯɑppɯh | pɑmpiwɯɑppɯh,wWAppWh | pAmpiwWAppWh,kukkʷippɯh | kʷippɯh,kukk\super wippWh | k\super wippWh,ke,ke,sitɯn,sitWn,pɑhɑi | pɑhe | pehe,pAhAi | pAhe | pehe,hɯpi | wɑʔippɯ | wɑippɯ,hWpi | wAPippW | wAippW,pono,pono,kɯppɑtɑ,kWppAtA,wɯnɯ | jɯtˢɯ ,wWnW | jWt\super sW ,tˢɑ̄n­,t\super s\=An{\textipa{-}},tenkwɑn | tenkwɑppɯ,tenk\super wAn | tenk\super wAppW,ɯutˢɯi,Wut\super sWi,tukku,tukku,tojompɯh | kutɑ,tojompWh | kutA,jɯkʷi,jWk\super wi,kottōh,kott\=oh,kʷɑisi | kʷesi,k\super wAisi | k\super wesi,pɑsiɑmpin,pAsiAmpin,utɯn,utWn,miɑ | nɯmih,miA | nWmih,kɑtɯ | jɯkʷi,kAtW | jWk\super wi,sōn,s\=on,ojōn,oj\=on,sumɑnɑih ,sumAnAih ,pɑkɯnɑppɯh | tonnoppɯh | tohoppɯh ,pAkWnAppWh | tonnoppWh | tohoppWh ,pɑhɑpi | pɑnuɑh,pAhApi | pAnuAh,sɑppɯh ,sAppWh ,piɑ ,piA ,ɯtɯi,WtWi,hɑpi ,hApi ,tɯ­ | tɯtɯn,tW{\textipa{-}} | tWtWn 
Western_Shoshone,pusiɑ | pusiɑttsi | posiɑ | posiɑttsi,pusiA | pusiAtt\super si | posiA | posiAtt\super si,wɑhɑttɯn,wAhAttWn,pɑ̄,p\=A,nɑnki | nenki,nAnki | nenki,tijeh,tijeh,nɯ,nW,nɯwɯn,nWwWn,puih,puih,mɑ­,mA{\textipa{-}},nɑnkɑ,nAnkA,sɯnnɑpim,sWnnApim,penkwi,penk\super wi,nihɑ | nihjɑ,nihA | nihjA,tɯmpin,tWmpin,tɑmɑn,tAmAn,pitsi,pit\super si,ɯm | ɯn,Wm | Wn,poʔi ,poPi ,tˢuhni,t\super suhni,ekon ,ekon ,pɯhɯ,pWhW,tukɑ ,tukA,sɯki,sWki,ɯmɑ | pɑʔɯmɑh ,WmA | pAPWmAh ,wɑsɯ,wAsW,pekkɑh,pekkAh,pɯ̄ppin ,p\=Wppin,ɑ̄n,\=An,nɯmɯ | nɯwɯ,nWmW | nWwW,tɑnkɑppɯh | tɑnnɑppɯh,tAnkAppWh | tAnnAppWh,sɯmmɯ,sWmmW,mupin,mupin,,,kimmɑ,kimmA,,,tojɑ | tojɑpin,tojA | tojApin,kottōh,kott\=oh,tɑmmɯ,tAmmW,hipi,hipi,punni,punni,poʔɑn,poPAn,ɯkɯ | ɯkɯpittsɯh,WkW | WkWpitt\super sWh,punku | sɑtɯ̄,punku | sAt\=W,tɑpe,tApe,jɯtˢɯ,jWt\super sW,juhu,juhu,mɯɑ | mɯʔɑ,mWA | mWPA,mɑkɑ,mAkA,pihjɯn,pihjWn,kɑsɑ,kAsA,tosɑkeh,tosAkeh,ohɑppihtɯn,ohAppihtWn,huittˢū,huitt\super s\=u,tso­,t\super so{\textipa{-}},pɑsɑkʷinɑppɯh,pAsAk\super winAppWh,sokopin | sokoppɯh | tɯpiɑ ,sokopin | sokoppWh | tWpiA ,nɑmpe,nAmpe,tū,t\=u,tɯmpe,tWmpe,puike,puike,ɯppɯih,WppWih,hīn,h\={\i}n,nɑttɑhsuʔun,nAttAhsuPun,mɑsiton | tɑsiton,mAsiton | tAsiton,kɯkkɑʔɑh,kWkkAPAh,kusippɯh,kusippWh,enkɑpihtɯn,enkApihtWn,tɯkkɑh,tWkkAh,nojo,nojo,hɑkɑtɯn,hAkAtWn,pɑsɑ,pAsA,pɑmpi,pAmpi,kʷīppɯh,k\super w\={\i}ppWh,ke,ke,itɯn,itWn,pehe,pehe,wɑʔippɯ,wAPippW,pono,pono,,,wɯnɯ | jɯtˢɯ ,wWnW | jWt\super sW ,tˢɑʔi,t\super sAPi,tennɑ,tennA,ɯitˢɯʔin,Wit\super sWPin,tukku,tukku,tojon,tojon,jɯkʷi | nīkʷi | tɯɑhweh | tɯʔɑhweh,jWk\super wi | n\={\i}k\super wi | tWAhweh | tWPAhweh,kottōh,kott\=oh,kʷɑsi,k\super wAsi,pɑsiwompin,pAsiwompin,sutɯn,sutWn,miʔɑh | miɑh | nɯmi,miPAh | miAh | nWmi,kɑtɯ | jɯkʷi,kAtW | jWk\super wi,sōn,s\=on,ojoku,ojoku,sumpɑnɑʔih(kɑn),sumpAnAPih | sumpAnAPihkAn,pɑkɯnɑppɯh | tōppɯh ,pAkWnAppWh | t\=oppWh ,pɑhɑpi,pAhApi,punu | sɑppɯh ,punu | sAppWh ,piɑtti ,piAtt\super Si ,ɯtɯin,WtWin,hɑpi ,hApi ,tɯiku ,tWiku 
Shoshone,posiɑttsih,posiAtt\super sih,wɑhɑttɯwɯh,wAhAttWwWh,pɑ̄,p\=A,nenkih,nenkih,tiɑi | tie,tiAi | tie,nɯ,nW,nɯwɯn,nWwWn,puih,puih,mɑ­,mA{\textipa{-}},nɑnkɑ,nAnkA,sohopin,sohopin,penkwi,penk\super wi,nihɑ | nihjɑ,nihA | nihjA,tɯmpin,tWmpin,tɑmɑn,tAmAn,pitsi,pit\super si,ɯnnɯ,WnnW,poʔɑi | poɑi | poʔe | poe ,poPAi | poAi | poPe | poe ,tˢuhni,t\super suhni,ekon ,ekon ,pɯhɯ,pWhW,tukɑni ,tukAni ,sɯki,sWki,ɯmɑ | pɑɯmɑ ,WmA | pAWmA ,,,pekkɑ,pekkA,pɯ̄ppin ,p\=Wppin,ɑ̄n,\=An,nɯwɯ,nWmW,tɑnkɑppɯh | tɑnnɑppɯh,tAnkAppWh | tAnnAppWh,sɯmmɯ,sWmmW,mupin,mupin,tɯppe,tWppe,kimmɑ,kimmA,tɑtˢɯʔɯmpin,tAt\super sWPWmpin,tojɑpin,tojApin,ku­ | kottō,ku{\textipa{-}} | kott\=o,tɑmmɯn,tAmmWn,hipi,hipi,puni,puni,poʔɑn | poɑn,poPAn | poAn,ɯkɯ,WkW,punku | sɑtī,punku | sAt\={\i},tɑpɑi | tɑpe,tApAi | tApe,jɯtˢɯ,jWt\super sW,juhu,juhu,mɯɑ,mWA,mɑkɑ,mAkA,pihjɯn,pihjWn,kɑsɑ | siɑpin | siɑpinttɑ,kAsA | siApin | siApinttA,tosɑ,tosA,oɑ,oA,huittˢū,huitt\super s\=u,ku­ | pɑmpi | tˢo­,ku{\textipa{-}} | pAmpi | t\super so{\textipa{-}},pɑtɯkuttɑ,pAttWkuttA,sokoppɯh | tɯpiɑ,sokoppWh | tWpiA,nɑmpɑi | nɑmpe,nAmpAi | nAmpe,tūn | tū,t\=un | t\=u,tɯmpɑi | tɯmpe,tWmpAi | tWmpe,pui,pui,ɯppɯi | ɯkkoi,WppWi | Wkkoi,hinɑ | hīn,hinA | h\={\i}n,tɯtɯnɑ,tWtWnA,mɑsiton | tɑsiton,mAsiton | tAsiton,kɯ­,kW{\textipa{-}},kusippɯh | kuttuhsippɯh,kusippWh | kuttuhsippWh,enkɑ,enkA,tɯkkɑ,tWkkA,nojo,nojo,hɑkkɑi | hɑkke,hAkkAi | hAkke,pɑsɑ,pAsA,pɑmpin | pɯhɯ,pAmpin | pWhW,kʷīppɯh | kukkʷīppɯh,k\super w\={\i}ppWh | kukk\super w\={\i}ppWh,ke,ke,sitɯn,sitWn,pehe,pehe,wɑʔippɯ | hɯpi,wAPippW | hWpi,pono,pono,kɯpɑtɑ,kWpAtA,wɯnɯ | jɯtˢɯ ,wWnW | jWt\super sW ,tˢɑ̄,t\super s\=A,tenkʷɑ | tennɑ,tenk\super wA | tennA,ɯitˢɯi | sɯ­,Wit\super sWi | sW{\textipa{-}},tukku,tukku,kutɑ,kutA,jɯkʷi | nīkʷi | tɯɑhwɑi | tɯɑhwe,jWk\super wi | n\={\i}k\super wi | tWAhwAi | tWAhwe,kottō,kott\=o,kʷɑisi | kʷesi,k\super wAisi | k\super wesi,pɑsiwɑpin,pAsiwApin,utɯn,utWn,miɑ | nɯmi,miA | nWmi,kɑtɯ | jɯkʷi,kAtW | jWk\super wi,sōn,s\=on,ojōn,oj\=on,sumpɑnɑi ,sumpAnAi ,pɑkɯnɑppɯh ,pAkWnAppWh ,pɑhɑpi,pAhApi,sɑppɯh ,sAppWh ,piɑ ,piA ,ɯtɯi ,WtWi ,hɑpi ,hApi ,tɯeh,tWeh
Comanche,pusi̥ʔɑ | posi̥ʔɑ,pus\r*iPA | pos\r*iPA,wɑhɑ­,wAhA{\textipa{-}},pɑ̄,p\=A,nɑki̥,nAk\r*i,tɯjɑ̄ittɯ,tWj\=AittW,nɯʔ,nWP,nɯ̄mɯ̥,n\=Wm\r*W,pui,pui,mɑ­,mA{\textipa{-}},nɑkɑtɯ,nAkAtW,hūppi̥,h\=upp\r*i,pekwittɯ,pek\super wittW,nihɑkɯtɯ,nihAkWtW,tɯ̄ppi̥,t\=Wpp\r*i,tɑ̄mɑ̥,t\=Am\r*A,pitsīʔ,pit\super s\={\i}P,ɯnɯ,WnW,puʔe̥,puP\r*e,tˢuhni | tˢuhniʔ ,t\super suhni | t\super suhniP ,ēko | ēko̥,\=eko | \=ek\r*o,pɯhɯʔ,pWhWP,tukɑ̄ni̥ | tukɑni̥,tuk\=An\r*i | tukAn\r*i,puhi | puhipɯ̥,puhi | puhip\r*W,ɯmɑ̄tɯ | ɯmɑpɯ̥,Wm\=AtW | WmAp\r*W,,,pehkɑtɯ̥,pehkAt\r*W,pɯ̄hpi̥ ,p\=Whp\r*i,ɑ̄,\=A,,,tɑnɑ | tɑnɑppɯ̥,tAnA | tAnApp\r*W,sɯmɯ,sWmW,muhpi,muhpi,tɯtɯ̥pettɯ,tWt\r*WpettW,kimɑtɯ,kimAtW,tɑtˢinūppi̥,tAt\super sin\=upp\r*i,tojɑ | tojɑ̄pi̥,tojA | toj\=Ap\r*i,kohtōpɯ̥,koht\=op\r*W,tɑnɯ,tAnW,hipittɯ,hipittW,punitɯ,punitW,poɁɑɁ,poPAP,,,puku | sɑrīʔ,puku | sAr\={\i}P,tɑ̄pe̥,t\=Ap\r*e,jɯtˢɯtɯ,jWt\super sWtW,wihi̥,wih\r*i,mɯɑ,mWA,mɑkɑ̄tɯ,mAk\=AtW,pihi̥,pih\r*i,siɑ­ | sie,siA{\textipa{-}} | sie,tosɑppi̥ | tosɑppi̥ttɯ̥,tosApp\r*i | tosApp\r*itt\r*W,ohɑppi̥,ohApp\r*i,hūtˢū̱ | huhtˢu̱ɑʔ,h\=ut\super s\={\=*u} | huht\super s\=*uAP,pɑ̄ppi̥ | tˢo­,p\=App\r*i | t\super so{\textipa{-}},sekwippɯ̥,sek\super wipp\r*W,sokōpi̥,sok\=op\r*i,nɑ̄pe̥,n\=Ap\r*e,tuhuppi̥,tuhupp\r*i,tɯ̄pe,t\=Wpe,pɑti­ | pɑtiwiɑkettɯ̥,pAti{\textipa{-}} pAtiwiAkett\r*W,hɑpīttɯ,hAp\={\i}ttW,hini | hīni,hini | h\={\i}ni,tɯtɑnɑ,tWtAnA,mɑsītto̥ | tɑsītto̥,mAs\={\i}tt\r*o | tAs\={\i}tt\r*o,kɯhkɑɁɑtɯ | kɯtsɯ̥kwettɯ̥,kWhkAPAtW | kWt\super s\r*Wkwett\r*W,etɯ̥sippɯ̥,et\r*Wsipp\r*W,ekɑppi̥ | ekɑppi̥ttɯ̥,ekApp\r*i | ekApp\r*itt\r*W,tɯhkɑtɯ,tWhkAtW,nōjo̥,n\=oj\r*o,hɑkɑtɯ,hAkAtW,pɑsɑtɯ,pAsAtW,tsoɁjɑ̄Ɂ,t\super soPj\=AP,kʷippɯ̥ | kʷīppɯ̥,k\super wipp\r*W | k\super w\={\i}pp\r*W,ke­,ke{\textipa{-}},isɯ | ittɯ,isW | ittW,pehe,pehe,hɯpi | naiɁpi,hWpi | naiPpi,topottɯ̥ | tohtoponittɯ̥ | toponi­,topott\r*W | tohtoponitt\r*W | toponi{\textipa{-}},pɑʔɑ­ | pɑʔɑttɯ,pAPA{\textipa{-}} | pAPAttW,wɯnɯtɯ | jɯtˢɯtɯ,wWnWtW | jWt\super sWtW,tˢɑ̄,t\super s\=A,tenɑhpɯʔ | tɯnɑhpɯʔ,tenAhpWP | tWnAhpWP,ɯtˢɯʔittɯ,Wt\super sWPittW,tuhku̥,tuhk\r*u,tojo | tōjo̥ | tojoppɯ̥,tojo | t\=oj\r*o | tojopp\r*W,tɯʔɑ̥wettɯ,tWP\r*AwettW,kutsi̥tonɑtɯ | wesikɯtɯ | weɁhɑtɯ,kut\super s\r*itonAtW | wesikWtW | wePhAtW,kʷɑsi̥,k\super wAs\r*i,pɑsiwɑ̄pi̥,pAsiw\=Ap\r*i,,,nɯmitɯ,nWmitW,jɯkʷimiʔɑtɯ,jWk\super wimiPAtW,sō | sōtɯ | sōti | tɯmɑtɯ̄mɑ̄tɯ̥ ,s\=o | s\=otW | s\=oti | tWmAt\=Wm\=At\r*W ,ojo­ | ojɯ̥,ojo{\textipa{-}} | oj\r*W,suppɑnɑʔittɯ | mɑsuɑpetɑittɯ,suppAnAPittW | mAsuApetAittW,pɑkɯʔnɯɑppɯ | pɑkɯnɑippɯ | tomōpi̥ ,pAkWPnWAppW | pAkWnAippW | tom\=op\r*i ,pɑhɑpittɯ,pAhApittW,sɑppɯ̥,sApp\r*W,piɑ ,piA ,ɯtɯɁittɯ̥,WtWPitt\r*W,hɑpīttɯ ,hAp\={\i}ttW ,tɯtɑ̄ttɯ,tWt\=AttW
Kawaiisu,ɑttˢipi | poʔopi,Att\super sipi | poPopi,wɑhɑju,wAhAju,pɑ̄,p\=A,nɑkɑpipi,nAkApipi,ɑnɑ̄ʔikkwē­ | tuppɑkkikkwē­ | juweʔekkwē­,An\=Apikk\super w\=e{\textipa{-}} | tuppAkkikk\super w\=e{\textipa{-}} | juwePekk\super w\=e{\textipa{-}},,,nɯwɯbi | nɯwɯmpi,nWwWbi | nWwWmpi,puʔipi,puPipi,moʔopi,moPopi,nɑkɑ­ | nɑ̄kkē­,nAkA{\textipa{-}} | n\=Akk\=e{\textipa{-}},hūjɑ̄hɑpɯ,h\=uj\=AhApW,pɑkɯ̄tsi,pAk\=Wt\super si,nijɑ̄pi,nij\=Api,tɯbi | tɯmpi,tWbi | tWmpi,tɑwɑbi,tAwAbi,pihipɯ,pihipW,imi | mumi,imi | mumi,tōpɯ,t\=opW,ohopɯ ,ohopW ,ekubɯ | ekumpɯ ,ekubW | ekumpW ,pɯhɯbɯ,pWhWbW,tukʷɑnu | tukʷɑno ,tuk\super wAnu | tuk\super wAno ,nɑkɑpɯ,nAkApW,uwɑ-,uwA{\textipa{-}},koʔi-,koPi{\textipa{-}},pɑkkɑ-,pAkkA{\textipa{-}},pɯ̄ppɯ ,p\=WppW ,ɑ̄ppɯ,\=AppW,nɯwɯ,nWmW,tɑnɑpɯ,tAnApW,sūju,s\=uju,mupi­,mupi{\textipa{-}},ponoʔi­ | tɯpe­,ponoPi{\textipa{-}} | tWpe{\textipa{-}},itō­ | uskwi­ | mijɑ­ | wɑkki­,it\=o{\textipa{-}} | usk\super wi{\textipa{-}} | mijA{\textipa{-}} | wAkki{\textipa{-}},pūttsīpɯ,p\=utt\super s\={\i}pW,kēpi,k\=epi,kunɑ,kunA,nɯmi | tɑmi | tɑwɑ,nWmi | tAmi | tAwA,hipi­,hipi{\textipa{-}},mehe­ | pɯkkē­,mehe{\textipa{-}} | pWkke{\textipa{-}},ɑsiʔɑ,AsiPA,ɯ̄pi­,\=Wpi{\textipa{-}},puku­,puku{\textipa{-}},tɑpi,tApi,jotˢi­,jot\super si{\textipa{-}},jɯhūpɯ | juhupɯ,jWh\=upW | juhupW,mɯɑ | mɯɑtˢi,mWA | mWAt\super si,mɑkɑ­,mAkA{\textipa{-}},pɯhjɯppɯ,pWhjWppW,wiʃiʔɑ̄pɯ,wiSiP\=ApW,sēki­,s\=eki{\textipa{-}},,,witˢikkitˢi,wit\super sikkit\super si,kɑtɑkkɑ­,kAtAkkA{\textipa{-}},wijɑʔpɯ,wijAPpW,tīppɯ,t\={\i}ppW,nɑbipi,nAbipi,tuhu­,tuhu{\textipa{-}},tɯbipɯ,tWbipW,puhi­ | sɑkwɑ­ | sɑko­,puhi{\textipa{-}} | sAkwA{\textipa{-}} | sAko{\textipa{-}},ɯppī­,Wpp\={\i}{\textipa{-}},hiniʔipi,hiniPipi,tɯnɑ | mɑhɑbo,tWnA | mAhAbo,tɑsittoʔobɯ,tAsittoPobW,kottsokoʔo­,kott\super sokoPo{\textipa{-}},kuttˢɑppɯ,kutt\super sAppW,ɑkɑkki­,AkAkki{\textipa{-}},ɑki­ | kɑʔɑ­,Aki{\textipa{-}} | kAPA{\textipa{-}},noppɑpi | nopopi | nopponiʔi­,noppApi | nopopi | nopponiPi{\textipa{-}},hɑnɑ | hini,hAnA | hini,tɑpɑsɯ­,tApAsW{\textipa{-}},tottsipɑʔɑ̄pɯ,tott\super sipAP\=ApW,kʷihi­,k\super wihi{\textipa{-}},juwɑ̄ttɯ,juw\=AttW,itɯ | inɑ | siʔitɯ | siʔinɑ,itW | inA | siPitW | siPinA,puʔipi,puPipi,momoʔo,momoPo,mutuʔnitɯ,mutuPnitW,pɑʔɑttoko­,pAPAttoko{\textipa{-}},wɯnɯ­,wWnW{\textipa{-}},hɯɁɯ­ | piʃɑ̄­,hWPW{\textipa{-}} | piS\=A{\textipa{-}},tɑʔnippɯtˢi,tAPnippWt\super si,ʃituʔitɯ,SituPitW,tukkuwɑ­,tukkuwA{\textipa{-}},kutɑpi,kutApi,mē­ | sɑmē­,m\=e{\textipa{-}} | sAm\=e{\textipa{-}},hinɑkki­ | hikwɑ­ | neʔe­,hinAkki{\textipa{-}} | hik\super wA{\textipa{-}} | nePe{\textipa{-}},kʷɑsipi | kosipi,k\super wAsipi | kosipi,sihwɑbɯ | sihwɑmpɯ,sihwAbW | sihwAmpW,unɑ | utɯ | sɑmɑnɑ | sɑmɑtɯ | suʔunɑ | suʔutɯ,unA | utW | sAmAnA | sAmAtW | suPunA | suPutW,mijɑ­ | pɑki­ | tɑkɑʔnɑkkwē­,mijA{\textipa{-}} | pAki{\textipa{-}} | tAkAPnAkk\super w\=e{\textipa{-}},kɑtɯ­ | jukʷi­,kAtW{\textipa{-}} | juk\super wi{\textipa{-}},ɑwɑpɯ | ipojo,AwApW | ipojo,monojo,monojo,puttsuku­,putt\super suku{\textipa{-}},kɯnɑpi ,kWnApi ,pɑɑkenukkʷi­,pAAkenukk\super wi{\textipa{-}},sɑppɯpɯ ,sAppWpW ,ipojo,ipojo,tɑtuʔi­,tAtuPi{\textipa{-}},hɑpi­,hApi{\textipa{-}},ɑ̄kkɑnūttʃi | ɯ̄peʔppīttʃi,\=AkkAn\=utt\super Si | \=WpePpp\={\i}tt\super Si
Chemehuevi,ɑtˢipi | pōʔɑpi | pōʔɑ̄pi,At\super sipi | p\=oPApi | p\=oP\=Api,wɑhɑ­,wAhA{\textipa{-}},pɑ̄,p\=A,nɑnkɑpɯ,nAnkApW,jɑɁikwɑɁ,jAPik\super wAi,nɯ̄,n\=W,nɯwɯmpi | nɯwɯni,nWwWmpi | nWwWni,puʔi,puPi,mɑ­ | moɁopɯ,mA{\textipa{-}} | moPopW,nɑnkɑ | nɑnɑkkɑkkɑi,nAnkA | nAnAkkAkkAi,kukkwɑppi | kukkwɑwɑ,kukk\super wAppi | kukk\super wAwA,pɑkɯ̄tsi,pAk\=Wt\super si,niɑ̄,ni\=A,tɯmpi,tWmpi,tɑwɑ | tɑwɑmpi,tAwA | tAwAmpi,pihipi,pihipi,ɯmmi,Wmmi,pō,p\=o,ohopɯ ,ohopW ,ɑko ,Ako ,pɯhɯpɯ,pWhWpW,tukʷɑ- ,tuk\super wA{\textipa{-}} ,nɑnkɑpɑ,nAnkApA,ɯwɑtɯ ,WwAtW,koɁi | kokkoɁi | mɑjummɑ,koPi | kokkoPi | mAjummA,pɑkkɑ,pAkkA,pɑɯppi | pɑɯwɑ,pAWppi | pAWwA,ɑ̄ppɯ,\=AppW,nɯwɯ,nWmW,tɑŋɑ,tANA,sɯ̄ | ­pɯtsiwɯ,s\=W | {\textipa{-}}pWt\super siwW,mupi,mupi,,,­ki | ­kipoto,{\textipa{-}}ki | {\textipa{-}}kipoto,pūtsipɯ,p\=ut\super sipW,kɑipɑ,kAipA,nɑʔitˢɯ,nAPit\super sW,nɯmmi | tɑmmi | tɑwwɯ,nWmmi | tAmmi | tAwwW,hipippɯ,hipippW,pūnnī | pūnnīkɑi,p\=unn\={\i} | p\=unn\={\i}kAi,ɑsiɁɑ,AsiPA,ɑɯkɑ,AWkA,puŋkutˢi,puNkut\super si,tɑpɑppɯtˢi,tApAppWt\super si,jɑ̄sɯ­,j\=AsW{\textipa{-}},juhupi | wīwɑpi,juhupi | w\={\i}wApi,miɑtokoppitˢi,miAtokoppit\super si,mɑkɑ­,mAkA{\textipa{-}},pihɯppi | pihɯwɑ,pihWppi | pihWwA,moɑ | wisiɑpi,moA | wisiApi,tosɑkkɑ,tosAkkA,oɑsiʔɑ̄,oAsiP\=A,witˢiʔitˢi,wit\super siPit\super si,kɑtɑkkɑ | tˢo­,kAtAkkA | t\super so{\textipa{-}},,,jɯwɑ̄pi | sokopɯ | tɯpippɯ | tɯpiwɑ,jWw\=Api | sokopW | tWpippW | tWpiwA,nɑmpɑ,nAmpA,tupɑkkɑ,tupAkkA,tɯmpɑ,tWmpA,sɑkʷɑmupinʔnɑŋkɑpɯ,sAk\super wAmupinPnANkApW,ɯppɑ,WppA,himpɯ | hɑnniɑ,himpW | hAnniA,tɯtɯnɑpɯ,tWtWnApW,mɑsitˢoʔo | tɑsitˢoʔo,mAsit\super soPo | tAsit\super soPo,kɯɁi,kWPi,kutˢɑppɯ,kut\super sAppW,ɑŋkɑ­,ANkA{\textipa{-}},tɯkkɑppi | tɯkkɑppippɯ,tWkkAppi | tWkkAppippW,noppɑpi,noppApi,hɑŋɑ | hinni,hANA | hinni,tɑpɑsɯ,tApAsW,tˢoppipɯ,t\super soppipW,kʷihippi,k\super wihippi,kɑtsu,kAtsu,i­ | ikkɑ­ | itsɯ,i{\textipa{-}} | ikkA{\textipa{-}} | itsW,puʔiɑ | puʔiɑ̄,puPiA | puPi\=A,mɑmmɑɁū,mAmmAP\=u,munnɁunki,munnPunki,pɑɁɑntokɑ,pAPAntokA,wɯnɯ­,wWnW{\textipa{-}},hɑɁɯtsi | hɑɁɯtɯ­,hAPWt\super si | hAPWtW{\textipa{-}},tɑwʔwɑtˢi,tAwPwAt\super si,sɯjɑɁi | sɯtuɁi,sWjAPi | sWtuPi,nɑkɑ | tukkuɑpi | tukkuʔɑ̄,nAkA | tukkuApi | tukkuP\=A,kutɑ,kutA,mɑi,mAi,kutsikki | nɑɁi,kut\super sikki | nAPi,kʷɑsi,k\super wAsi,siwɑmpɯ,siwAmpW,u­ | ukkɑ­ | utɯ | mɑ­ | mɑkkɑ­ | mɑtɯ,u{\textipa{-}} | ukkA{\textipa{-}} | utW | mA{\textipa{-}} | mAkkA{\textipa{-}} | mAtW,utuɑ | pɑkki,utuA | pAkki,kɑtɯ­,kAtW{\textipa{-}},ɑpɑɁɑ­,ApAPa{\textipa{-}},mɑnno,mAnno,­pɑkki | puttutsukkɑ,{\textipa{-}}pAkki | puttut\super sukkA,pɑkɯnɑpɑ ,pAkWnApA ,nɑppɑkkɯ,nAppAkkW,punupɯ | sɑppɯpɯ ,punupW | sAppWpW ,hokko,hokko,ɑtɯ̄,At\=W,hɑpi­,hApi{\textipa{-}},miɁɑuntsi,miPAunt\super si
Southern_Paiute,p̓o̱ʔɑpi,\textipa{\apsup{p}}\=*oPApi,wɑ̄­,w\=A{\textipa{-}},pɑ̄,p\=A,nɑŋkɑpɑ,nANkApA,jɑʔɑi,jAPai,nɯʔ,nWP,nɯmɯmpi,nWmWmpi,puʔi,puPi,mɑ­,mA{\textipa{-}},nɑŋkɑ,nANkA,kɯkɑ̄kɑ,kWk\=AkA,pɑkɯ̄,pAk\=W,niɑ̄ni,ni\=Ani,tɯmpi,tWmpi,tɑmɑ | tɑmɑmpi,tAmA | tAmAmpi,piitsipi,piit\super sipi,immi,immi,pō,p\=o,oopɯ ,oopW ,ɑhko | ɑhkompi ,Ahko | Ahkompi ,pɯɯpɯ,pWWpW,tukʷɑnu,tuk\super wAnu,kɯtsɑpupi,kWt\super sApupi,umɑī,umA\={\i},koʔi-,koPi{\textipa{-}},pɑkkɑ-,pAkkA{\textipa{-}},pɑɯppi,pAWppi,ɑ̄ppɯ,\=AppW,numɯntˢi,numWnt\super si,tɑŋɑpi,tANApi,ʃū­ | ʃūjuʃʃu,S\=u{\textipa{-}} | S\=ujuSSu,mu­ | mupippi,mu{\textipa{-}} | mupippi,,,,,pōtsipi,p\=ot\super sipi,kɑipɑ | tojɑpi,kAipA | tojApi,kuɁnɑ,kuPnA,tɑmɑ­,tAmA{\textipa{-}},ipī,ip\={\i},pɯnni,pWnni,,,,,puŋku |sɑrīts,puNku | sAr\={\i}t\super s,tɑpɑ,tApA,jɑ̄ʃɑ­,j\=ASA{\textipa{-}},juupi,juupi,mɯɑ­,mWA{\textipa{-}},mɑkɑī,mAkA\={\i},pijɯ | pijɯppi,pijW | pijWppi,,,,,oɑkkɑtɯ,oAkkAtW,witˢiʔtˢi | witˢɯʔtˢi,wit\super siPt\super si | wit\super sWPt\super si,kɑtɑkk̓ɑ | kɑtɑkk̓ɑpi | to­,kAtAk\textipa{\apsup{k}}A | kAtAk\textipa{\apsup{k}}Api | t\super So{\textipa{-}},,,juɑ̄­ | juɑ̄pi | tɯpippɯ,ju\=A{\textipa{-}} | ju\=Api | tWpippW,tɑ­,tA{\textipa{-}},tūkkɑtɯ,t\=ukkAtW,tɯmpɑ | tɯmpɑpi,tWmpA | tWmpApi,sɑkʷɑkɑtɯ | ʃɑkʷɑkɑtɯ,sAk\super wAkAtW | Sak\super wAkAtW,ɑppɯiī | koʔi,AppWi\={\i} | koPi,,,,,mɑʃɯt̓oʔ | mɑʃɯt̓ompi | mɑʃɯnt̓ompi,mASW\textipa{\apsup{t}}\super SoP | mASW\textipa{\apsup{t}}\super Sompi | mASWn\textipa{\apsup{t}}\super Sompi,,,kuttɑppɯ,kutt\super SAppW,ɑŋkɑhkɑtɯ,ANkAhkAtW,tɯkkɑ­,tWkkA{\textipa{-}},,,,,,,pɑɯki,pAWki,kʷiikkɑī,k\super wiikkA\={\i},qɑ,qA,i­,i{\textipa{-}},puʔipɯ,puPipW,mɑmɑ̄ʔu­ |mɑmɑ̄́ʔuts,mAm\=APu{\textipa{-}} |mAm\'=Aput\super s,,,,,wɯnɯī,wWnW\={\i},ɑttɯ­,AttW{\textipa{-}},,,ʃɯ­,SW{\textipa{-}},nɑkɑ | tukkuɑpi | tikkuɑpi,nAkA | tukkuApi | tikkuApi,kutɑ | kutɑpi,kutA | kutApi,tɯnniɑ­,tWnniA{\textipa{-}},kutʃɯɑ,kut\super SWA,kʷɑsipi,k\super wAsipi,siumpɑ̄tˢi ,siump\=At\super si ,u­ | uʔu­,u{\textipa{-}} | uPu{\textipa{-}},pɑki-ⁿ,pAki{\textipa{-}}\super n,kɑtɯ­ | jukʷi­,kAtW{\textipa{-}} | juk\super wi{\textipa{-}},,,,,mɑi­ | putʃutʃukwɑ,mAi{\textipa{-}} | put\super Sut\super Suk\super wA,pɑkinnɑ­,pAkinnA{\textipa{-}},,,sɑppɯpi ,sAppWpi ,piɑ­,piA{\textipa{-}},,,ɑpī­,Ap\={\i}{\textipa{-}},,
Southern_Ute,po̱ʔɑpi,p\=*oPApi,wɑ̱ini,w\=*Aini,pɑ̄,p\=A,nɯkkɑpi,nWkkApi,jɑɁɑī | jɑɁɑwi,jAPA\={\i} | jAPAwi,nɯɁ,nWP,nūppɯ,n\=uppW,pɯʔipɯ,pWPipW,moɁopi,moPopi,nɯkkɑī,nWkkA\={\i},sɯ̄pɯppɯ,s\=WpWppW,pɑkɯ̄ | pɑ̱kɯ̄,pAk\=W | p\=*Ak\=W,ni̱ɑ̄,n\=*i\=A,tɯppuitʃi,tWppuit\super Si,tɑwɑ | tɑwɑppɯ,tAwA | tAwAppW,pittʃī,pitt\super S\={\i},ɯmɯ,WmW,pō,p\=o,oopɯ ,oopW ,ɑkoppi,Akoppi,pɯɯpɯ,pWWpW,tukʷɑnɑ,tuk\super wAnA,nukkɑɁɑpi,nukkAPApi,uwɑī,uwA\={\i},koʔɑī,koPA\={\i},pɑkkɑī ,pAkkA\={\i},pɑ̄ppɯ,p\=AppW,ɑ̄ppɯ,\=AppW,nūti,n\=ut\super Si,tɑ̄pɯ,t\=ApW,sūjis,s\=ujis,mopottʔoppɯ,mopottPoppW,kuwikkjɑti | ponoɁɑ̄ī | ponoɁi,kuwikk\super jAti | ponoP\=A\={\i} | ponoPi,kɑkkɑīkki | pitʃi | pɑikki | tʃɑwi,kAkkA\={\i}kki | pit\super Si | pAikki | t\super SAwi,pūtʃīpi,p\=ut\super S\-{\i}pi,kɑ̄pi,k\=Api,nɑʔɑittɯ,nAPAittW,nɯmɯ | tɑmi | tɑwi,nWmW | tAmi | tAwi,ipī,ip\={\i},pɯnikkjɑ | mɑ̄ī,pWnikk\super jA | m\=A\={\i},siɁɑ̄pi,siP\=Api,ɑ̄kɑtɯ,\=AkAtW,pukku | pu̱ku̥,pukku | p\=*uk\r*u,tɑpɑti,tApAt\super Si,jɯtī ,jWt\super S\={\i},jɯuppɯ,jWuppW,mɯɑttɑkoti,mWAttAkot\super Si,mɑkɑī,mAkA\={\i},mukuɑpi,mukuApi,pɯttɯpɯ | usiɑpi,pWttWpW | usiApi,sɑkɑtɯ,sAkAtW,oɑkkɑtɯ,oAkkAtW,wititi,wit\super Sit\super Si,tɯtʃipi,tWt\super Sipi,wijɑpɯ,wijApW,ju̱ɑ̄pi | tɯpɯppɯ,j\=*u\=Api | tWpWppW,nɑppɑ,nAppA,tūkkʷɑtɯ,t\=ukk\super wAtW,tɯppɑpi,tWppApi,sɑkʷɑkɑtɯ,sAk\super wAkAtW,pɯī | kuɑī,pW\={\i} | kuA\={\i},,,tɯnɑ̄pi,tWn\=Api,sɯttuppɯ,sWtt\super SuppW,kɯɁi,kWPi,kuttɑppɯ,kutt\super SAppW,ɑkkɑkɑtɯ,AkkAkAtW,tɯkkɑī,tWkkA\={\i},nɑppɑ̄pi,nApp\=Api,,,tɑpɑsɯppɯ,tApAsWppW,pɑ̄kipi | nūpɑ̄ki | tɯtʃipɯ̄pi,p\=Akipi | n\=up\=Aki | tWt\super Sip\=Wpi,kʷiī,k\super wi\={\i},kɑtʃ­ | kɑ­ |­wɑ,kAt\super S{\textipa{-}} | kA{\textipa{-}} |{\textipa{-}}wA,in | itʃ,in | it\super S,pɯʔiɑpi,pWPiApi,mɑmɑtʃi,mAmAt\super Si,pōttɯkkwɑtɯ,p\=ottWkk\super wAtW,pɑɁɑttokwɑttɯ,pAPAttok\super wAttW,wɯnī,wWn\={\i},tɯ̄Ɂɑttɯ | ɑttɯ,t\=WPAttW | AttW,tɑɁwɑtʃi,tAPwAt\super Si,wɑpɯɑpɯ,wApWApW,nɑkɑti | tɯkkuɑpi,nAkAt\super Si | tWkkuApi,kutɑpi,kutApi,tɯnijɑī,tWnijA\={\i},nɑɁɑī | nɑkutʃɁɑī | kwɑsi | kwijɑ̄ī | nɑkutʃɁɑttī,nAPA\={\i} | nAkut\super SPA\={\i} | k\super wAsi | k\super wij\=A\={\i} | nAkut\super SPAtt\={\i},kʷɑsipi,k\super wAsipi,siwɑppɯ ,siwAppW ,u | utu | mɑ | mɑtɯ,u | utu | mA | mAtW,pɑkɑīɁwɑī | pɑkɑīki,pAkA\={\i}PwA\={\i} | pAkA\={\i}ki,kɑtī,kAt\={\i},ɑpɑɁnɑttɯ,ApAPnAttW,mɑnuni | pɑɁɑmɑnuni | pɑɁɑmɑnuktis,mAnuni | pAPAmAnuni | pAPAmAnuktis,putʃutʃukwɑī,put\super Sut\super Suk\super wA\={\i},pɑkɯnɑ,pAkWnA,nɑpɑkki | ɑpipoti,nApAkki | Apipoti,sɑppɯpɯ ,sAppWpW ,ɑpɑttɯ,ApAttW,tɑtiɁi | kutʃiɁi | kɯttutūtʃi,tAtiPi | kut\super SiPi | kWttut\=ut\super Si,ɑpī,Ap\={\i},mīppɯtʃi,m\={\i}ppWt\super Si
Orayvi_Hopi,ɑtɯ,AtW,lø̄jøʔ,l\={\o}j{\o}P,pɑ̄hɯ,p\=AhW,nɑqβɯ,nAqBW,mōki,m\=oki,nɯʔ,nWP,nɯmɑ,nWmA,pōsi,p\=osi,mɑ̄,m\=A,nɑβotɑ,nABotA,tsoki,t\super soki,pɑ̄kiw,p\=Akiw,tɯŋwni,tWN\super wni,owɑ,owA,tɑmɑ,tAmA,pīhɯ,p\={\i}hW,ɯm,Wm,pøhɯ ,p{\o}hW ,ø̄qɑ ,\={\o}qA ,leŋi ,leNi ,pɯ̄kjɑ,p\=WkjA,tōki ,t\=oki ,nɑ̄̑pi,n{\textroundcap{\=A}}pi,jokβɑ,jokBA,qøjɑ,q{\o}jA,nīna | mɯʔɑ,n\={\i}nA | mWPA,ɯŋʷɑ,WN\super wA,ɑ̄lɑ,\=AlA,sino,sino,tɑmø,tAm{\o},sɯ̄kʲɑ,s\=Wk\super jA,jɑqɑ,jAqA,ø̄ji,\={\o}ji,jɑ̂jnɑ | pitɯ | øki,j\^AjnA | pitW | {\o}ki,sōhɯ,s\=ohW,tɯ̄kwi,t\=Wk\super wi,qø̄hi,q\={\o}hi,itɑm,itAm,hīko,h\={\i}ko,tɯwɑ,tWwA,tsī̑pɯ,t\super s\|c{\={\i}}pW,pɯ̄hɯ,p\=WhW,pōko,p\=oko,tɑ̄wɑ,t\=AwA,pūjɑ̂lti,p\=uj\^Alti,wihɯ,wihW,mɯ̄jɑw,m\=WjAw,mɑqɑ,mAqA,ɯnɑŋwɑ,WnAN\super wA,pøhø | mɑsɑ,p{\o}h{\o} | mAsA,qø̄tsɑ,q\={\o}t\super sA,sikjɑ̂ŋpɯ | sikjɑ­,sik\super j\^ANpW | sik\super jA{\textipa{-}},tsiro,t\super siro,qøtø | kō̑pɑ,q{\o}t{\o} | k{\textroundcap{\=o}}pA,tsøqɑ,t\super s{\o}qA,tɯ̄wɑ | tɯtskwɑ,t\=WwA | tWt\super sk\super wA,kɯkɯ,kWkW,toho | qømβi,toho | q{\o}mBi,moɁɑ,moPA,sɑkʷɑ | mokiŋpɯ,sAk\super wA | mokiNpW,pɯ̄wi,p\=Wwi,himɯ | hī̑tɑ,himW | h{\textroundcap{\={\i}}}tA,ŋɑ | ŋɑhɯ ,NA | NAhW ,soki,soki,kɯ̄ki,k\=Wki,qøtˢβi,q{\o}t\super sBi,sɯtɑ | pɑ̄lɑ̂ŋpɯ,sWtA | p\=Al\^ANpW,nø̄sɑ,n\={\o}sA,nøhɯ,n{\o}hW,hɑk,hAk,lɑkpɯ,lAkpW,hø̄mi,h\={\o}mi,kʷītˢiŋʷ,k\super w\={\i}t\super siN\super w,qɑ,qA,iʔ,iP,pō̱si,p\={\=*o}si,wū̑ti | momojam,w{\textroundcap{\=u}}ti | momojAm,po̱ŋokpɯ | pølɑ̂ŋpɯ,p\=*oNokpW | p{\o}l\^ANpW,wɯ̄pɑ,w\=WpA,wɯnɯ,wWnW,tˢɑŋɑw | kwɑŋwɑ | lolmɑ,t\super sANAw | k\super wAN\super wA | lolmA,tɑ̄qɑ,t\=AqA,ijohoʔo,ijohoPo,toko,toko,kwɑ̄̑pi | tˢønɑ,k\super w{\textroundcap{\=a}}pi | t\super s{\o}nA,ɑ̄ʔɑwnɑ | kitɑ | ­qɑwɯ,\=APAwnA | kitA | {\textipa{-}}qAwW,qøjnɑ | tɑqtsokjɑ | qø̄ji,q{\o}jnA | tAqt\super sok\super jA | q\={\o}ji,sɯrɯ | kʷɑsi,sWrW | k\super wAsi,pisɑ | tsiwɑβi | tɯ̄wɑ,pisA | t\super siwABi | t\=WwA,pɑm,pAm,­nɯmɑ,{\textipa{-}}nWmA,qɑtɯ | jēse,qAtW | j\=ese,wɯ̄hɑq,w\=WhAq,sō̑soj | sō̑sojɑm,s{\textroundcap{\=o}}soj | s{\textroundcap{\=o}}sojAm,sɯ̄̑pɑn.wɯ̄wɑ | tɯwiɁjtɑ | nɑβotiɁjtɑ | mɑ̄tsiɁjtɑ | mɑ̄tɑqtɑ,s{\textroundcap{\=W}}pAn.w\=WwA | tWwiPjtA | nABotiPjtA | m\=At\super siPjtA | m\=AtAqtA,pɑmøsi | ōmɑw | hējɑpɑw,pAm{\o}si | \=omAw | h\=ejApAw,momortimɑ,momortimA,pono,pono,wɯko­ | wɯ̄koq ,wWko{\textipa{-}} | w\=Wkoq ,ɯtɯhɯʔɯ | ɑɁni mɯki | hinɯr mɯki,WtWhWPW | APni mWki | hinWr mWki,qɑ̄tˢi | pī̑tɑ | wɑɁø | wɑɁøk | poni,q\=At\super si | p{\textroundcap{\={\i}}}tA | wAP{\o} | wAP{\o}k | poni,hī̑sɑj | tsɑj | ­hojɑ ,h{\textroundcap{\={\i}}}sAj | tsAj | {\textipa{-}}hojA 
Pahkannil_(Tübatulabal),nɑhɑ̄l,nAh\=Al,wō,w\=o,pɑ̄l,p\=Al,nɑŋhɑl,nANhAl,mūkut,m\=ukut,nɯ̄,n\=W,nɯ̄mɑl,n\=WmAl,puntsil,punt\super sil,māl,m\=Al,hɑʔɯt,hAPWt,ūʔut,\=uPut,kujūl,kuj\=ul,tiŋwɑ̄n,tiNw\=An,tɯnt,tWnt,tɑmmɑnt,tAmmAnt,pīl,p\={\i}l,impi,impi,poht ,poht ,ōn ,\=on ,lɑlɑnt ,lAlAnt ,pōnt,p\=ont,tūkit,t\=ukit,nɑŋhɑpɯ̄l,nANhAp\=Wl,tɑŋ | ɑntɑŋ,tAN | AntAN,,,mɯ̓kɑt ,m\textipa{\apsup{W}}kAt ,ɯkwɑn,WkwAn,ɑ̄wɑt,\=AwAt,,,toŋōl,toN\=ol,tʃitʃ,t\super Sit\super S,muppit,muppit,pūjut,p\=ujut,kimmɑt,kimmAt,ʃūl,S\=ul,muwɑ̄j,muw\=Aj,kut,kut,iŋilɑ | iŋilɑɁɑn | iŋilūts,iNilA | iNilAPAn | iNil\=ut\super s,īʔɯt,\={\i}PWt,tɯ̱̄wɑt,t\={\=*W}wAt,,,,,puŋkul,puNkul,tɑ̄l,t\=Al,ōlɯt,\=olWt,wipt,wipt,mɯ̄jɑpiʃt,m\=WjApiSt,mɑhɑt,mAhAt,ʃūnɑl,S\=unAl,umuʃɑt,umuSAt,pōtʃɯt,p\=ot\super SWt,,,,,,,hɑɁɑtɑlunt,hAPAtAlunt,jɯt,jWt,ɯŋkɯl,WNkWl,tūkut,t\=ukut,,,hulɁhulɑt,hulPhulAt,uʃulūm,uSul\=um,hɑ̄intɑ,h\=AintA,,,ʃulunt,Sulunt,kɯ̄ʔɯt,k\=WPWt,,,melɁmelɯt,melPmelWt,tɯkkɑt,tWkkAt,pomt,pomt,ɑki | ɑkitin,Aki | Akitin,wɑ̄kɯt,w\=AkWt,tˢommōl,t\super somm\=ol,ūiɁɯt | ūɁūiɁʃɑ,\=uiPWt | \=uP\=uiPSA,hɑ̄ʔiʃ | hɑʃ,h\=APiS | hAS,ij,ij,puntˢil,punt\super sil,kōjm,k\=ojm,muluŋwɑj,muluNwAj,,,ɯ̄wɯnnɯt,\=WwWnnWt,tɯwɯ,tWwW,tɑ̄twɑl,t\=AtwAl,ɯ̄tˢɯ̄ʔɯt,\=Wt\super s\=WPWt,tukuwɑn,tukuwAn,kulɑ̄n,kul\=An,ɑ̄winɑt | kɯt,\=AwinAt | kWt,ɑntsɑmɑ,Ant\super sAmA,wiʃīn,wiS\={\i}n,ʃīhpit,S\={\i}hpit,wɑɁ | wɑntsil | untūkɑl,wAP | wAnt\super sil | unt\=ukAl,tōijɯt,t\=oijWt,hɑllɯt | jɑntˢɯt,hAllWt | jAnt\super sWt,jōwi,j\=owi,piniju,piniju,mɑ̄kɑt,m\=AkAt,pɑ̄ʃūmiʃt,p\=AS\=umiSt,ɑ̄pɑiɁitʃ,\=ApAiPit\super S,ʃɑppuʃt,SAppuSt,ekēwɑn,ek\=ewAn,ɯ̄tɯ̄ʔɯt ,\=Wt\=WPWt ,mɯhɯɁ | ɯ̄mɯhɯɁ,mWhWP | \=WmWhWP,kuɁutʃupil,kuPut\super Supil
Kitanemuk,ɑtʂɯmtʂ | ʂɯβatˢɯtˢɯtˢ,At\super{\:s}Wmt\super{\:s} | \:sWBAt\super sWt\super sWt\super s,who,who,pɑ̄tʂ,p\=At\super{\:s},kɑβɑts,kABAt\super s,muk | nipɯk,muk | nipWk,nɯʔ,nWP,nɯmɑ̄ts,nWm\=At\super s,­uβɑʔ,{\textipa{-}}uBAP,māts,m\=At\super s,mɑ̄tʂ,m\=At\super{\:s},kutʂɑt,kut\super{\:s}At,kihūtʂ,kih\=ut\super{\:s},tɯw,tWw,tɯmɯt,tWmWt,tɑmɑ̄ts,tAm\=At\super s,piʔts,piPt\super s,ɯmɯʔ,WmWP,poqt ,poqt ,ōtˢ ,\=ot\super s,nɯŋit,nWNit\super{\:s},­kotso | toko,{\textipa{-}}kot\super so | toko,tukɑ | ɑtukɑ,tukA | AtukA,kɑβɑtˢ,kABAt\super s,wōŋ,w\=oN,­kon­,{\textipa{-}}kon{\textipa{-}},mɯk,mWk,ɯttˢ | ‑ʔɯt ,Wt\super{\:s}t\super{\:s} | {\textipa{-}}PWt\super{\:s} ,ɑ̄ts,\=At\super s,tɑ̄qɑt,t\=AqAt,tɑmotˢ,tAmot\super s,hɑukup,hAukup,mukpitˢ | mupit | ­mukpiʔ,mukpit\super s | mupit\super{\:s} | {\textipa{-}}mukpiP,pūtɯk,p\=utWk,kim,kim,hūʔt,h\=uPt\super{\:s},qɑitˢ,qAit\super s,kut,kut,itˢɑm | itˢɑt,it\super sAm | it\super sAt\super{\:s},pɑʔ,pAP,hiu,hiu,­kotˢo,{\textipa{-}}kot\super so,ɑmɑit,AmAit,kutˢiʔ,kut\super siP,tɑ̄miɑt,t\=AmiAt,hīʔnɯk,h\={\i}PnWk,wipt,wipt,mɯɑ̄t,mW\=At\super{\:s},mɑk,mAk,hūnɑtˢ,h\=unAt\super s,mɑhɑts,mAhAt\super s,ɑjɑk,AjAk,,,witˢitɑt,wit\super sitAt,kupiɑtˢ,kupiAt\super s,pɑ̄kʷinit,p\=Ak\super winit,tɯβɑt,tWBAt\super{\:s},tsɑkɑts,t\super sAkAt\super s,joβoʔk,joBoPk,ʃitʂɑtʂ,Sit\super{\:s}At\super{\:s},rɑʔupk,rAPupk,kūm,k\=um,hīt,h\={\i}t,­ŋɑ̄qɑwi,{\textipa{-}}N\=AqAwi,wɑtsitʂ,wAt\super sit\super{\:s},kɯʔ,kWP,kukut,kukut,kʷɑʂɯpk,k\super wA\:sWpk,kʷɑʔ,k\super wAP,­pɑ̄no,{\textipa{-}}p\=Ano,hɑmi,hAmi,ɑwɑ̄k,Aw\=Ak,kopots | pohots,kopot\super s | pohot\super s,moɑ̄ʔt,mo\=APt,kɑi,kAi,iβiʔ,iBiP,ɑpūtˢ,Ap\=ut\super s,kwihɑk,k\super wihAk,pɑrupk,pArupk,metɑʔɯʔ,metAPWP,kʷɯ̄tɯk,k\super w\=Wt\super{\:s}Wk,numuɑtʂ,numuAt\super{\:s},tɑ̄qɑt,t\=AqAt,ʃɯβɯt,SWBWt,ɑtɑp,AtAp,mɯhits | ŋohots,mWhit\super s | Nohot\super s,tɯho,tWho,huʔ | orɯk,huP | orWk,kʷɑtˢitɑtˢ,k\super wAt\super sitAt\super s,ōkɑt,\=okAt\super{\:s},pɑtɑʔ | ɑmɑʔ,pAtAP | AmAP,nɯm,nWm,qɑt,qAt\super{\:s},wɯr,wWr,puju,puju,ɯn | mɑ̄t,Wn | m\=At\super{\:s},pɑkīt | tɑot ,pAk\={\i}t | tAot\super{\:s} ,pɑβɑtsɑjʔeʔ,pABAt\super sAjPeP,toʔt ,toPt\super{\:s} ,ɑtɯʔɑ,AtWPA,oʂiʔ | oʂit,o\:siP | o\:sit,ɯk ,Wk ,ɑnōʔtˢiʔ ,An\=oPt\super siP 
Serrano,ɑrtʂɯm | ʂɯβaʳtt,A\super rt\super{\:s}Wm | \:sWBA\super rt\super{\:s}t\super{\:s},worh,wo\super rh,pɑ̄tʂ,p\=At\super{\:s},qɑrβɑ̄tʃ,qA\super rB\=At\super S,,,nɯ̄ʔ,n\=WP,nɯmɯitʃ | ­nɯm,nWmWit\super S | {\textipa{-}}nWm,huβɑ̄tʃ,huB\=At\super S,­mɑ | ­mɑ̄­,{\textipa{-}}mA | {\textipa{-}}m\=A{\textipa{-}},mɑ̄tʂ,m\=At\super{\:s},,,kihūtʂ,kih\=ut\super{\:s},­tɯwɑn,{\textipa{-}}tWwAn,tɯmɯt,tWmWt,­tɑm,{\textipa{-}}tAm,­piʔ,{\textipa{-}}piP,ɯmiʔ,WmiP,poʳqt ,po\super rqt ,ōʳt ,\=o\super rt\super S ,nɑŋɑt,nANAt\super S,,,tūḵ,t\=u\=*k,qɑʳβɑ̄t ,qA\super rB\=At\super S ,wōʳŋ,w\=o\super rN,qōʳn,q\=o\super rn,mɯʳḵɑʳn ,mW\super r\=*kA\super rn ,ɯʳtt | ‑ɯʳt,W\super rt\super{\:s}t\super S | {\textipa{-}}W\super rt\super{\:s},­ʔɑ̄ʳʔ,\textipa{-}P\=A\super rP,tɑ̄qt,t\=Aqt,­tɑʳmoʳʔ,{\textipa{-}}tA\super rmo\super rP,hōuḵp,h\=ou\=*kp,nɯmuḵpiʔ,nWmu\=*kpiP,pūtḵ,p\=ut\=*k,kim | kimɑi,kim | kimAi,hūʔt,h\=uPt\super{\:s},qɑīt,qA\={\i}t\super S,,,itɑm | ɑtɑm,it\super SAm | At\super SAm,,,tɯ̄βɯŋ,t\=WBWN,­qoʳt,{\textipa{-}}qo\super rt\super S,,,ḵutiʔ,\=*kut\super SiP,tɑ̄miɑt,t\=AmiAt,hīɲiʔk | hīɲʔk,h\={\i}{\textltailn}iPk | h\={\i}{\textltailn}Pk,wipt,wipt,mɯɑ̄t,mW\=At\super{\:s},mɑqɑi,mAqAi,­hūn,{\textipa{-}}h\=un,mɑhɑ̄t,mAh\=At\super S,,,,,witit,wit\super Sit,ɑḵupiɑ,A\=*kupiA,pɑ̄ʳḵʷɯɲit | ḵʷinit,p\=A\super r\=*k\super wW{\textltailn}it | \=*k\super winit,juɑ̄ḵɑiɑm | tiɯʳβɑt,ju\=A\=*kAiAm | tiW\super rBAt\super{\:s},nɑβɯ̄ʳt,nAB\=W\super rt\super{\:s},,,,,,,ḵūmɑn,\=*k\=umAn,hīt,h\={\i}t,­ŋɑ̄qɑw,{\textipa{-}}N\=AqAw,,,kɯ̄ʳʔ,k\=W\super rP,ḵuḵut,\=*ku\=*kut,ʂɯrīriʔn,\:sWr\={\i}riPn,ḵʷɑʔi,\=*k\super wAPi,­pɑ̄ʳn,{\textipa{-}}p\=A\super rn,hɑmiʔ,hAmiP,wɑ̄ḵ,w\=A\=*k,,,moʳɑ̄ʔt,mo\super r\=APt,qɑi,qAi,iβiʔ,iBiP,­pūt,{\textipa{-}}p\=ut\super S,­ʂūŋ,{\textipa{-}}\:s\=uN,,,,,ḵʷɯ̄tḵ | wɯn,\=*k\super w\=Wt\super{\:s}\=*k | wWn,ɑʔɑi,APAi,wɯtɯʳʂt | tɑ̄qt,wWt\super{\:s}W\super r\:st\super{\:s} | t\=Aqt,ɯtɯ,Wt\super SW,,,,,ɑ̄β | ḵɯi | tiɯʳ,\=AB | \=*kWi | tiW\super r,,,ɑwɑð,AwAD,ōʳqt,\=o\super rqt\super{\:s},,,nɯm,nWm,qɑt,qAt\super{\:s},wɯ̄ʳr,w\=W\super rr,,,ɯnɑn | mɑ̄t ,WnAn | m\=At\super{\:s},pɑkīt | tɑōʳʔt ,pAk\={\i}t | tA\=o\super rPt\super{\:s} ,,,­toʳʔ ,{\textipa{-}}to\super rP ,,,ɯʳtɯʳ ,W\super rt\super{\:s}W\super r ,ɯḵ | ɯḵɯi | pɑtḵ ,W\=*k | W\=*kWi | pAt\super{\:s}\=*k ,ɑɲīʔiʔ,A{\textltailn}\={\i}PiP
Tongva_(Gabrielino),moʔɑ̱̄r,moP\={\=*A}r,wehē̱ʔ,weh\={\=*e}P,pɑ̄r,p\=Ar,nenɑ̱̄nɑx,nen\={\=*A}nAx,moiju̱mjin.mok,moij\=*umjin.mok,nō̱mɑʔ | nō,n\={\=*o}mAP | n\=o,ɑsɑ̱r,As\=*Ar,ɑtsotʃon,At\super sot\super Son,ɑmɑ̱̄mɑn,Am\={\=*A}mAn,,,wiʃiʔɑxɑ̄r,wiSiPAx\=Ar,keū̱r,ke\={\=*u}r,­toɑ̱̄njɑn,{\textipa{-}}to\={\=*A}njAn,totɑ̱̄,tot\={\=*A},ɑtɑ̱̄mɑn,At\={\=*A}mAn,ɑpī̱ptʃo,Ap\={\=*{\i}}pt\super So,ō̱mɑʔ,\={\=*o}mAP,pēt ,p\=et ,ɑʔe̱n ,AP\=*en ,ɑnō̱ŋin ,An\={\=*o}Nin ,tɑ̱tʃtɑxoxutʂ,t\=*At\super StAxoxut\super{\:s},jɑ̱wki,j\=*Awki,ɑnɑ̱nɑx,An\=*AnAx,ɑkwɑ̱kin,Ak\super w\=*Akin,,,mokɑ̱̄ro,mok\={\=*A}ro,ɑxɑin,AxAin,ɑʔɑ̱̄ʔɑn,AP\={\=*A}PAn,tɑ̱̄xɑt,t\={\=*A}xAt,ɑtoŋɯn,AtoNWn,pokū,pok\=u,ɑmɯ̱wpin,Am\=*Wwpin,pu̱jne,p\=*ujne,kī,k\={\i},siʔōt,siP\=ot,xɑ̱jex,x\=*Ajex,tsɑ̱po̱t,t\super s\=*Apot,ejō̱momɑʔ,ej\={\=*o}momAP,pɑx,pAx,xū̱tūʔɑ,x\={\=*u}t\=uPA,ɑxō̱xot,Ax\={\=*o}xot\super{\:s},imūt,im\=ut,woʂi̱ʔ,wo\:s\=*iP,tɑ̱̄met,t\={\=*A}met,kūsī̱,k\=us\={=*{\i}},witɑ̱,wit\=*A,moɑ̄r,mo\=Ar,mɑxɑ̱̄.nej,mAx\={\=*A}.nej,ʂunɑ̱r,\:sun\=*Ar,ɑpiʔɑ̱n,ApiP\=*An,rɑ̱roroh,r\=*Aroroh,jɑtɑ̱tko,jAt\=*Atko,tʃī̱ʔu,t\super S\={\=*{\i}}Pu,ɑppoʔɑ̱n,AppoP\=*An,kʷinɑ̱̄r,k\super win\={\=*A}r,toβɑ̱̄r,toB\={\=*A}r,ɑnē̱β,An\={\=*e}B,jopī̱xɑʔ,jop\={\=*\i}xAP,ɑtoʔŋin,AtoPNin,tɑ̄kɑ̱̄pi,t\=Ak\={\=*A}pi,jɑtɑ̱mkwɑn,jAt\=*Amk\super wAn,hitɑ,hitA,,,ɑtū̱r,At\super{\:s}\={\=*u}r,,,koʂī̱j,ko\:s\={\=*{\i}}j,kʷɑhō̱xɑʔ | kʷɑxō̱xɑʔ,k\super wAhxAP | k\super wAx\={\=*o}xAP,kʷɑʔɑ̱̄x,k\super wAP\={\=*A}x,ɑxɑ̱̄xen,Ax\={\=*A}xen,hɑkī̱,hAk\={\=*\i},ɑxo̱kin,Ax\=*okin,ɑppoʔɑ̱n,AppoP\=*An,ɑ̱tʃiʔɑn,\=*At\super SiPAn,xɑj,xAj,mine,mine,ɑpū̱ts,Ap\={\=*u}t\super s,tokōr,tok\=or,ʂɑpūpi,\:sAp\=upi,kɑxo,kAxo,topɑxɑro̱,topAxAr\=*o,tixoβit,tixoBit,worō̱jt | tɑ̱̄xɑt,wor\={\=*o}jt | t\={\=*A}xAt,otō̱ʔ | ʂoβo̱ʔ,ot\super{\:s}\={\=*o}P | \:soB\=*oP,ɑtū̱ken,At\={\=*u}ken,ɑkū̱tɑn,Ak\={\=*u}t\super{\:s}An,ɑ̱̄roʔɑ,\={\=*A}roPA,te̱wki,t\=*ewki,ɑpɯkin,ApWkin,ohē̱t,oh\={\=*e}t,pēʔe,p\=ePe,noŋī̱ro,noN\={\=*{\i}}ro,xɑrō̱ro,xAr\={\=*o}ro,ɑjō̱ʔin,Aj\={\=*o}Pin,owɑ̱̄ʔix,ow\={\=*A}Pix,,,nɑβɑ̱kit,nAB\=*Akit,,,ɑxoʔnɑn,AxoPnAn,jɯʔūʔit,jWP\=uPit,orō̱ʔ ,or\={\=*o}P ,okō̱ ,ok\={\=*o} ,tʃinū̱ʔi,t\super Sin\={\=*u}Pi
Luiseño,ulɑ̱t,ul\=*At,weh,weh,pɑ̱̄lɑ,p\={\=*A}lA,nɑ̱qlɑ,n\=*AqlA,pi̱ʔmuk­ | tɑkwɑ̱jɑ­,p\=*iPmuk{\textipa{-}} | tAk\super w\=*Aj{\textipa{-}},nō,n\=o,­nō̱mɑ,{\textipa{-}}n\={\=*o}mA,pu̱ʃlɑ,p\=*uSlA,mɑt | ­mɑ̄,mat | {\textipa{-}}m\=A,nɑ̱qmɑ­,n\=*AqmA{\textipa{-}},kulɑ̱̄wut,kul\={\=*A}wut,kujū̱l,kuj\={\=*u}l,tūŋlɑ,t\=uNlA,tō̱tɑ,t\={\=*o}tA,tɑmɑ̱t,tAm\=*At,pit | ­piʔ,pit | {\textipa{-}}piP,om,om,pet | ­peʔ ,pet | {\textipa{-}}peP ,kulā̱wut ,kul\={\=*A}wut ,­wē̱ji,{\textipa{-}}w\={\=*e}ji,tɑ̱̄βɑʃ,t\={\=*A}BAS,tū̱kumit ,t\={\=*u}kumit,pɑ̱βlɑʃ,p\=*ABlAS,xi̱lɑ,x\=*ilA,qiʔē̱-,qiP\={\=*e}{\textipa{-}},mo̱knu-,m\=*oknu{\textipa{-}},o̱wlɑ,\=*owlA,­ʔɑ̱̄w,\textipa{-}P\={\=*A}w,ɑtɑ̱̄x,At\={\=*A}x,­qɑ̱xmɑj,{\textipa{-}}q\=*AxmAj,supu̱l,sup\=*ul,mū̱βil,m\={\=*u}Bil,pu̱jɑ­,p\=*ujA{\textipa{-}},hɑqwɑ̱̄tʃi | mon­,hAq\super w\={\=*A}t\super Si | mon{\textipa{-}},ʂu̱ʔlɑ,\:s\=*uPlA,qɑwī̱tɑ,qAw\={\=*\i}t\super SA,ku̱t,k\=*ut,tɑ̱̄ʔum | tɑ̱̄ʔɑm | tɑ̱ʔɑm | tɑmʔ ,t\super S\={\=*A}Pum | t\super S\={\=*A}PAm | t\super S\=*APAm | t\super SAmP ,pɑ̱̄Ɂi­,p\={\=*A}Pi{\textipa{-}},tow­,tow{\textipa{-}},­tɑ̱̄tʃi,{\textipa{-}}t\={\=*A}t\super Si,ī̱pit,\={\=*\i}pit,ɑwɑ̱̄l,Aw\={\=*A}l,time̱t,tim\=*et,wī̱lɑ­,w\={\=*\i}lA{\textipa{-}},­wiʔ,{\textipa{-}}wiP,mo̱jlɑ,m\=*ojlA,nɑ̱mxɑ­,n\=*AmxA{\textipa{-}},ʂu̱nlɑ | ­ʂūn ,\:s\=*unlA | {\textipa{-}}\:s\=un ,hu̱mʂɑt,h\=*um\:sAt,xwɑ̱jɑ­,x\super w\=*AjA{\textipa{-}},ɑʂo̱ʔʂuʃ,A\:s\=*oP\:suS,ihe̱ŋmɑl | wē̱sɑl,ih\=*eNmAl | w\={\=*e}sAl,jū̱lɑ,j\={\=*u}lA,juxwɑ̱̄lɑ,jux\super w\={\=*A}lA,e̱xlɑ,\=*exlA,et | ­ʔeʔ ,et | {\textipa{-}}PeP ,jū̱βɑtɑ | juβɑ̱ti,j\={\=*u}BAtA | juB\=*Ati,tɑmɑ̱t,tAm\=*At,mɑlo̱mlu­,mAl\=*omlu{\textipa{-}},kup­,kup{\textipa{-}},hī̱tɑ | hiʃ,h\={\=*\i}t\super SA | hiS,,,ʂulɑ̱t,\:sul\=*At,ko̱ʔi­,k\=*oPi{\textipa{-}},tē̱liŋiʃ,t\={\=*e}liNiS,qʷɑ̱jɑqʷjɑʃ,q\super w\=*AjAq\super wjAS,kʷɑʔ­ | nɑ̱̄tʃuxun­,k\super wAP{\textipa{-}} | n\={\=*A}t\super Suxun{\textipa{-}},pɑ̱̄nil,p\={\=*A}nil,hɑx,hAx,ɑwɑ̱xβu,Aw\=*AxBu,jū̱lɑ,j\={\=*u}lA,kū̱mit,k\={\=*u}mit,qɑj | qɑ̱jʔi | qɑ̱jtɑ ,qAj | q\=*AjPi | q\=*AjtA ,iβi̱ʔ,iB\=*iP,pu̱ʃlɑ,p\=*uSlA,ʂuŋɑ̱̄l,\:suN\={\=*A}l,puru­ | púrɑ­,puru{\textipa{-}} | p\'{u}rA{\textipa{-}},tɑβu̱lβuʃ,tAB\=*ulBuS,tūʔ­,t\=uP{\textipa{-}},polō̱β | lō̱βi­,pol\={\=*o}B | l\={\=*o}Bi{\textipa{-}},jɑɁɑ̱ʃ,jAP\=*AS,pitu̱ptuʃ,pit\=*uptuS,wɑ̱̄Ɂiʃ,w\={\=*A}PiS,qilɑ̱t,qil\=*At,jɑ­ | jɑx­,jA{\textipa{-}} | jAx{\textipa{-}},ʂɑ̱ŋi­ | ti̱ki­ | tʃu̱jɑ­ | mu̱lɑ­,\:s\=*ANi{\textipa{-}} | t\=*iki{\textipa{-}} | t\super S\=*ujA{\textipa{-}} | m\=*ulA{\textipa{-}},­pi̱qʷsiβ,{\textipa{-}}p\=*iq\super wsiB,e̱xβɑl,\=*exBAl,ō̱nu,\={\=*o}nu,mon‑ | munɑ̱̄ | wukɑ̱lɑ­,mon{\textipa{-}} | mun\={\=*A} | wuk\=*AlA{\textipa{-}},qɑl­ | piβe̱Ɂɑ­,qAl{\textipa{-}} | piB\=*ePA{\textipa{-}},jot | mukɑ̱t,jot | muk\=*At,tō̱Ɂun,t\super S\={\=*o}Pun,ɑjɑ̱li­ | o̱ʔnɑ­,Aj\=*Ali{\textipa{-}} | \=*oPnA{\textipa{-}},kwɑ̱ʂ­ | tuβɑ,k\super w\=*A\:s{\textipa{-}} | tuBA,wɑ̱̄jɑ­,w\={\=*A}jA{\textipa{-}},­tē̱ʔ | tē̱ʔlɑ ,{\textipa{-}}t\={\=*e}P | t\={\=*e}PlA ,jot | mukɑ̱t,jot | muk\=*At,ʂɑ̱qi­,\:s\=*Aqi{\textipa{-}},pem­,pem{\textipa{-}},ɑlu̱ʔmɑl | kihɑ̱̄t,Al\=*uPmAl | kih\={\=*A}t
Acjachemen_(Juaneño),li̱wɑ­ | ʃɑβō̱tɑ­,l\=*iwA{\textipa{-}} | SaB\={\=*o}tA{\textipa{-}},,,pɑ̄l,p\=Al,nɑ̱qlɑ,n\=*AqlA,tɑkwe̱jɁ­,tAk\super w\=*ejP{\textipa{-}},nō,n\=o,,,,,­mɑ̱̄,{\textipa{-}}m\={\=*A},nɑ̱qmɑ,n\=*AqmA,kɑlɑ̱wt,kAl\=*Awt,kɑjū̱mɑl ,kAj\={\=*u}mAl,,,tōt,t\=ot,tɑm,tAm,pɑpī̱j,pAp\={\=*\i}j,om,om,pet,pet,,,,,,,tū̱kmoŋɑ,t\={\=*u}kmoNA,pɑl­,pAl{\textipa{-}},kwɑ̄ʃt,k\super w\=Ast,,,mō̱rɑ­,m\={\=*o}rA{\textipa{-}},,,,,ɑtɑ̱x,At\=*Ax,,,supu̱l,sup\=*ul,,,pu̱j­,p\=*uj{\textipa{-}},mon­,mon{\textipa{-}},ʃu̱Ɂul ,S\=*uPul,qɑwī̱t,qAw\={\=*\i}t\super S,kut,kut,tɑ̱̄ʔɑm | tɑ̄m,t\super S\={\=*A}PAm | t\super S\=Am,pɑ̄Ɂɑ­,p\=APA{\textipa{-}},tōw­,t\=ow{\textipa{-}},,,ī̱βt,\={\=*\i}Bt,ɑwɑ̱̄l,Aw\={\=*A}l,teme̱t,tem\=*et,he̱mɑ­,h\=*emA{\textipa{-}},­wiʔ,{\textipa{-}}wiP,,,mɑxɑ̱nɑ­,mAx\=*AnA{\textipa{-}},­ʃūn,{\textipa{-}}S\=un,mɑʃɑ̱t,mAS\=*At,,,,,,,,,,,ē̱xel,\={\=*e}xel,­ʔeʔ,{\textipa{-}}PeP,,,tɑm,tAm,mɑlō̱mlitʃ,mAl\={\=*o}mlitS,,,hī̱t,h\={\=*\i}t\super S,,,,,,,,,,,,,,,hɑx,hAx,ɑwɑ̱xɑβ,Aw\=*AxAB,­juʔ | ɑju̱Ɂ | poju̱Ɂ,{\textipa{-}}juP | Aj\=*uP | poj\=*uP,kū̱mɑ­,k\={\=*u}mA{\textipa{-}},qɑj,qAj,iβi̱ʔ | ɑβi̱h,iB\=*iP | AB\=*ih,,,ʃoŋwɑ̱̄l,SoNw\={\=*A}l,porú­,por\'{u}{\textipa{-}},tɑβu̱lβɑ­,tAB\=*ulBA{\textipa{-}},,,pɑlō̱β | lō̱βɑ­,pAl\={\=*o}B | l\={\=*o}BA{\textipa{-}},jeɁi̱tʃ,jeP\=*it\super S,li̱wɑ­ | ʃɑβō̱tɑ­,l\=*iwA{\textipa{-}} | SaB\={\=*o}tA{\textipa{-}},wɑ̄Ɂtʃ,w\=Apt\super S,­qɑlɑ̱m,{\textipa{-}}qAl\=*Am,,,ti̱kɑ­ | tʃu̱jɑ­ | mu̱lɑ­,t\=*ikA{\textipa{-}} | t\super S\=*ujA{\textipa{-}} | m\=*ulA{\textipa{-}},pi̱qsɑβ,p\=*iqsAB,e̱xβɑl,\=*exBAl,ō̱nɑɁ,\={\=*o}nAP,mon‑ | wɑkɑ̱lɑ­,mon{\textipa{-}} | wAk\=*AlA{\textipa{-}},pɑβe̱Ɂ­,pAB\=*eP{\textipa{-}},ɑjo̱ʔ | mɑkɑ̱t,Aj\=*oP | mAk\=*At,tō̱Ɂɑn,t\super S\={\=*o}PAn,ɑjɑ̱lɑ­,Aj\=*AlA{\textipa{-}},,,wɑ̄j­,w\={\=*A}j{\textipa{-}},,,ɑjo̱Ɂ | mɑkɑ̱t,AjoP | mAk\=*At,nɑɁ­,nAP{\textipa{-}},pem­ | mɑqɑ̱­,pem{\textipa{-}} | mAq\=*A{\textipa{-}},ɑlu̱ʔmɑl,Al\=*uPmAl
Cupeño,ɑ̱lɑʔɑ­t,\=*AlAPA\textipa{-}t,wih,wih,pɑl,pAl,nɑ̱qəl | ­nɑqʔɑ,n\=*Aq@l | {\textipa{-}}nAqPA,qɑ̄wi | tʃix | muk,q\=Awi | t\super Six | muk,nəʔ,n{@}P,­nə̱mɑ,{\textipa{-}}n\=*{@}mA,­puʃ,{\textipa{-}}puS,­mɑ,{\textipa{-}}mA,nɑqmɑ,nAqmA,kelɑ̱wət,kel\=*Aw{@}t,qəju̱l,q{@}j\=*ul,­təwʔɑ,{\textipa{-}}t{@}wPA,kɑwi̱ʃ,kAw\=*iS,­tɑmʔɑ,{\textipa{-}}tAmPA,­pi,{\textipa{-}}pi,əʔ,{@}P,pit ,pit ,ti̱ʔiʎ ,t\=*iPiL ,‑nəŋʔɑ | ‑nəŋ ,{\textipa{-}}n{@}NPA | {\textipa{-}}n{@}N ,pə̱lkiʃ | ­pəlki ,p\=*{@}lkiS | {\textipa{-}}p{@}lki ,tuk ,tuk ,­pəlɑ,{\textipa{-}}p{@}lA,wəw | wə̱wəl,w{@}w | w\=*@w{@}l,tʃixnin,t\super Sixnin,məq,m{@}q,ə̱wəl,\=*@w{@}l,­ʔɑ̱wʔɑ,\textipa{-}P\=*AwPA,ɑtɑ̱xʔɑ,At\=*AxPA,,,su̱pul,s\=*upul,­mu,{\textipa{-}}mu,puj,puj,nəq,n{@}q,su̱ʔul,s\=*uPul,pəɁɑ̱wɁɑ,p{@}P\=*AwPA,kut,kut,təm,t\super S{@}m,pɑɁ,pAP,təw,t{@}w,qi̱tiʎ,q\=*it\super SiL,pɑŋiʃ,pANiS,ɑwɑ̱l,Aw\=*Al,tɑ̱mit,t\=*Amit,hi̱ŋiʃ,h\=*iNiS,wiʎ,wiL,mə̱niʎ,m\=*@niL,mɑxɑ,mAxA,­ʂū̱n,{\textipa{-}}\:s\={\=*u}n,wi̱kiʎ,w\=*ikiL,xwɑjɑxwənət,x\super wAjAx\super w{@}n{@}t,kənəkə̱nəɁɑʃ,k{@}n{@}k\=*{A}n{@}PAS,wi̱sɑl,w\=*isAl,­ju,{\textipa{-}}ju,,,jəpɑ̱ʃ | təmɑ̱l,j{@}p\=*AS | t{@}m\=*Al,xu̱tʃi,x\=*ut\super Si,tulnikiʃ,tulnikiS,­tɑmɑ,{\textipa{-}}tAmA,xwɑβixwɑβiɁiʃ,x\super wABix\super wABiPiS,kup,kup,hiʃ,hiS,,,­ʂulʔɑ,{\textipa{-}}\:sulPA,qəʔ,q{@}P,wəʂki̱ʃ,w{@}\:sk\=*iS,kʷɑtikʷɑ̱tiʔiʃ,k\super wAtik\super w\=*AtiPiS,kʷɑ,k\super wA,pɑ̱niʎ,p\=*AniL,hɑx,hAx,ɑwɑ̱xβə,Aw\=*AxB{@},jul,jul,mi̱ʔɑt,m\=*iPAt,qɑj,qAj,i̱ʔi,\=*iPi,putʃiʎ,put\super SiL,nɑwi̱kɑt | ­ʂuŋɑ̱mɑ ,nAw\=*ikAt | {\textipa{-}}\:suN\=*AmA ,puβəpuβəɁəʃ,puB{@}puB{@}P{@}S,wɑwβɑʂiʃ | wɑβɑ̱ʂiʃ,wAwBA\:siS | wAB\=*A\:siS,,,ɑtʃiɁɑ | itʃɑ̱̄Ɂi,At\super SiPA | it\super S\={\=*A}Pi,nɑxɑ̱niʃ | ɑtɑ̱xʔɑ,nAx\=*AniS | At\=*AxPA,jujiʃ,jujiS,wɑ̱Ɂi | ­tukʔɑ,w\=*APi | {\textipa{-}}tukPA,­qiʎʔɑ,{\textipa{-}}qiLPA,ɑ̱ʔɑlxi | jɑx,\=*APAlxi | jAx,səx | kinɁi | sululi,s{@}x | kinPi | sululi,­qʷɑʃ | pəqʷɑʃ,{\textipa{-}}q\super wAS | p{@}q\super wAS,hɑ̱xɑl,h\=*AxAl,ət | əβət | ɑxwə̱ʃ,{@}t | {@}B{@}t | Axw\=*{@}S,hɑʂi | nənə,hA\:si | n{@}n{@},qɑl | nɑʃ,qAl | nAS,mətɁiʃ,m{@}tPiS,pətɑ̱Ɂɑmɑ,p{@}t\=*APAmA,hiwtʃu,hiwt\super Su,mesmə̱l,mesm\=*{@}l,wɑj­,wAj{\textipa{-}},ʂɑ̱Ɂi,\:s\=*Api,ɑjɁɑni,AjPAni,tiŋ | ɑti̱ŋβə,tiN | At\=*iNB{@},kwiβ | tʃɑq | tɑpu,kwiB | t\super SAq | tApu,ɑku̱lji,Ak\=*ulji
Cahuilla,ku̱ʔɑl,k\=*uPAl,wih,wih,pɑl,pAl,nɑ̱qɑl,n\=*AqAl,­muk­,{\textipa{-}}muk{\textipa{-}},ne,ne,­ne̱ʔmɑ,{\textipa{-}}n\=*ePmA,pu̱tʃiʎ | ­puʃ,p\=*ut\super SiL | {\textipa{-}}puS,he̱mɑl | ­mɑʔ,h\=*emAl | {\textipa{-}}mAP,­nɑ̱qmɑ­,{\textipa{-}}n\=*AqmA{\textipa{-}},ke̱lɑwɑt,k\=*elAwAt,ki̱jul,k\=*ijul,te̱wɑl,t\=*ewAl,qɑ̱wiʃ,q\=*AwiS,tɑ̱mɑl,t\=*AmAl,he̱piʎ | ­pi,h\=*epiL | {\textipa{-}}pi,,,pit ,pit ,te̱ʔiʎ ,t\=*ePiL ,he̱nɑŋiʎ | ­nɑŋ ,h\=*enANiL | {\textipa{-}}nAN ,sɑ̱βɑl,s\=*ABAl,tu̱kmijɑt | tu̱kmɑ̄t,t\=*ukmijAt | t\=*ukm\=At,jɑ̱miʎ | pɑ̱lɑt,j\=*AmiL | p\=*AlAt,­we̱wen­,{\textipa{-}}w\=ewen{\textipa{-}},‑tʃe̱xen-,{\textipa{-}}t\super S\=*exen{\textipa{-}},‑me̱kɑn-,{\textipa{-}}m\=*ekAn{\textipa{-}},e̱wiʎ,\=*ewiL,­ʔɑ̱wʔɑ | ɑ̱wɑl,\textipa{-}P\=*AwPA | \=*AwAl,tɑ̱xliswet,t\=*Axliswet,tɑ̱miʎ,t\=*AmiL,su̱pʎi,s\=*upLi,he̱mul | ­muʔ,h\=*emul | {\textipa{-}}muP,‑puj- ,{\textipa{-}}puj{\textipa{-}},­ne̱ken­,{\textipa{-}}n\=*eken{\textipa{-}},su̱ʔwet,s\=*uPwet,qɑ̱wiʃ,q\=*AwiS,ku̱t | ki̱nɑqɑlet | nɑ̱qɑlet ,k\=*ut | k\=*inAqAlet | n\=*AqAlet ,te̱mem | tem,t\super S\=*emem | t\super Sem,­pɑ̱­,{\textipa{-}}p\=*A{\textipa{-}},­tēw­,{\textipa{-}}t\=ew{\textipa{-}},sɑ̱βɑl | tɑ̱tʃɑl | tɑ̱ʃʔɑ,s\=*ABAl | t\=*At\super SAl | t\=*ASPA,,,ɑ̱wɑl,\=*AwAl,tɑ̱mit | tɑ̱mjɑt,t\=*Amit | t\=*AmjAt,­hiŋ­,{\textipa{-}}hiN{\textipa{-}},wiʎ,wiL,me̱niʎ,m\=*eniL,­mɑx­,{\textipa{-}}mAx{\textipa{-}},su̱niʎ | ­sun ,s\=*uniL | {\textipa{-}}sun ,wi̱kiʎ,w\=*ikiL,te̱βiʃnek,t\=*eBiSnek,te̱snekiʃ,t\=*esnekiS,wi̱kikmɑl | wi̱kitmɑl,w\=*ikikmAl | w\=*ikitmAl,ju̱lukɑl,j\=*ulukAl,ju̱liʃ | jū̱liʃ,j\=*uliS | j\={\=*u}liS,te̱mɑl,t\=*emAl,­ʔi,{\textipa{-}}Pi,tu̱lnek | tu̱lek,t\=*ulnek | t\=*ulek,tɑ̱mɑl,t\=*AmAl,tu̱kβɑʃnekiʃ,t\=*ukBASnekiS,­kup­,{\textipa{-}}kup{\textipa{-}},hi̱teʔɑ | hi̱tʔɑ | hi̱tɑxɑ,h\=*it\super SePA | h\=*it\super SPA | h\=*it\super SAxA,,,sɑ̱lul | ­sɑ̱lʔu ,s\=*Alul | {\textipa{-}}s\=*AlPu ,­ke­,{\textipa{-}}ke{\textipa{-}},ni̱sxiʃ,n\=*isxiS,se̱lnekiʃ,s\=*elnekiS,­kʷɑ̱ʔ­,{\textipa{-}}k\super w\=*AP{\textipa{-}},pɑ̱ɲiʔɑt,p\=*A{\textltailn}iPAt,hɑ̱xʔi,h\=*AxPi,­wɑ̱x­,{\textipa{-}}w\=*Ax{\textipa{-}},ju̱lukɑl,j\=*ulukAl,mi̱ʔɑt,m\=*iPAt,ki̱ʎe,k\=*iLe,iʔ,iP,pu̱tiʎ | qɑ̱xʔɑ,p\=*ut\super SiL | q\=*AxPA,ɲi̱tʃiʎ | ­su̱ŋɑmɑ ,{\textltailn}\=*it\super SiL | {\textipa{-}}s\=*uNAmA ,­pu̱mule­ | ­tu̱jβɑ­,{\textipa{-}}p\=*umule{\textipa{-}} | {\textipa{-}}t\=*ujBA{\textipa{-}},wɑ̱βumɑ | ­pekwe̱niʃ­,w\=*ABumA | {\textipa{-}}pek\super w\=*eniS{\textipa{-}},­kʷe̱ʔeqe­ | ­we̱wen­,{\textipa{-}}k\super w\=*ePeqe{\textipa{-}} | {\textipa{-}}w\=*ewen{\textipa{-}},ɑ̱tʃɑʔe,\=*At\super SAPe,nɑ̱xɑniʃ,n\=*AxAniS,qɑ̱ʎɑkɑ | ju̱jmɑ,q\=*ALAkA | j\=*ujmA,­tu̱kʔu,{\textipa{-}}t\=*ukPu,,,­ʔɑ̱ʔɑlxe­ | ­jɑx­,{\textipa{-}}P\=*APAlxe{\textipa{-}} | {\textipa{-}}jAx{\textipa{-}},­tʃu̱t­ | ­ki̱nɑ­ | ­le̱meme­ | ­nɑ̱ʔ­,{\textipa{-}}t\super S\=*ut{\textipa{-}} | {\textipa{-}}k\=*inA{\textipa{-}} | {\textipa{-}}l\=*ememe{\textipa{-}} | {\textipa{-}}n\=*AP{\textipa{-}},­kʷɑs,{\textipa{-}}k\super wAs,ŋɑ̱tʃiʃ,N\=*At\super SiS,,,­ne̱m­,{\textipa{-}}n\=*em{\textipa{-}},­qɑl­,{\textipa{-}}qAl{\textipa{-}},,,u̱mun,\=*umun,­ʔe̱ʔnɑn­,{\textipa{-}}P\=*ePnAn{\textipa{-}},pɑ̱xiʃ ,p\=*AxiS ,,,ti̱ʔiʎ ,t\=*iPiL ,ɑ̱mnɑʔɑ,\=*AmnAPA,­si̱w­,{\textipa{-}}s\=*iw{\textipa{-}},­qɑl­,{\textipa{-}}qAl{\textipa{-}},ki̱ɑt ,k\=*iAt 
Tohono_O'odham,ɑ̄ʔɑtʃ | hioptʃ,\=APAt\super S | hiopt\super S,gōk,g\=ok,wɑ̄g­ | ʂūdɑgi,w\=Ag{\textipa{-}} | \:s\=udAgi,nɑ̄k,n\=Ak,mūk­,m\=uk{\textipa{-}},ɑ̄ɲiʔi | ɑ̄ɲi,\=A{\textltailn}iPi | \=A{\textltailn}i,ɲɯm,{\textltailn}Wm,wuhi,wuhi,mɑtk,mAtk,kɑ̄,k\=A,ūs,\=us,wɑtopi̥,wAtop\r*i,tʃɯ̄gig | tʃɯ̄gi̥g,t\super S\=Wgig | t\super S\=Wg\r*ig,hodɑi,hodAi,tɑ̄tɑm,t\=AtAm,wipi,wipi,ɑ̄piʔi | ɑ̄pi,\=ApiPi | \=Api,wōg,w\=og,ōʔo ,\=oPo ,ɲɯ̄ɲ,\textltailn\=W\textltailn,ɯliðɑg,WliDAg,tuhug,t\super Suhug,hɑ̄hɑg,h\=AhAg,dūki̥,dZ\=uk\r*i,kokdɑ  ,kokdA ,mɯʔɑ | muʔɑ | ­muɑ  ,mWPA | muPA  | {\textipa{-}}muA,ɯ̄ʔɯɖ,\=WPW\:d,ɑʔɑg,APAg,oʔodhɑm,oPodhAm,tōn,t\=on,hɯmɑ | mɑ̄d,hWmA | m\=Ad,dɑ̄k,d\=Ak,ʂūd,\:s\=ud,dɑiw | diwɑ,dAiw | d\super ZiwA,huʔu,huPu,doɁɑg,doPAg,tɑi,tAi,ɑ̄tim,\=At\super Sim,iʔi,iPi,ɲɯid | tɯ̄gɑ,{\textltailn}Wid | t\super S\=WgA,koʂ,ko\:s,wɯtid,wWt\super Sid\super Z,gogs,gogs,tɑʂ,tA\:s,dɑʔɑ,dAPA,gīgi̥,g\={\i}g\r*i,mɑʂɑd,mA\:sAd,mɑ̄k,m\=Ak,ībdɑg | huɖ,\={\i}bdAg | hu\:d,ɑɁɑnɯ,APAnW,tohɑ | toɑ,tohA | toA,sʔuɑm,sPuAm,uʔuwhig,uPuwhig,moʔo,moPo,bid,bid,dɯwuɖ,d\super Zwwu\:d,tɑɖ | gōki̥,tA\:d | g\=ok\r*i,stuk,st\super Suk,tiɲ,t\super Si{\textltailn},tɯ̄dɑgi̥ | tɯ̄dɑg,t\super S\=WdAg\r*i | t\super S\=WdAg,kōʂ,k\=o\:s,hɑb,hAb,tɑtkɑd,tAtkAd\super Z,hut,hut\super S,kɯʔɯ,kWPW,mɑtɑi,mAtAi,wɯgi,wWgi,koʔɑ,koPA,nonhɑ,nonhA,hɯɖɑi,hW\:dAi,sgɑki̥,sgAk\r*i,moɁo,moPo,kūbs,k\=ubs,pi | pim | pi ʃɑʔi,pi | pim | pi SAPi,īdɑʔɑ | īdɑ | īdʔɑ | id,\={\i}dAPA | \={\i}dA | \={\i}dPA | id,kɑid,kAid\super Z,uwi̥ | oks,uw\r*i | oks,sikoɖ | sikol,siko\:d | sikol,tɯw,t\super SWw,kɯ̄k | kɯkiwɑ | gɯgok,k\=Wk | kWkiwA | gWgok,kɯgɑd,kWgAd\super Z,kɯli,kWli,hɯ̄pid,h\=Wpid,tūkug,t\super S\=ukug,kuswo | kuʂo,kuswo | ku\:so,ɑ̄g | kɑid | ɲiok,\=Ag | kAid\super Z | {\textltailn}iok,mɯhɯ | mɯihim,mWhW | mWihim,bɑhi,bAhi,hiɑ | oʔoɖ,hiA | oPo\:d,hɯgɑʔi | hɯgʔɑi | hɯgi | hɯgʔi | hɯg ,hWgAPi | hWgPAi | hWgi | hWgPi | hWg ,him | oimɯɖ ,him | oimW\:d ,kɑ̄t | dɑhɑ | dɑ̄,k\=At\super S | dAhA | d\=A,muʔi | gɯʔɯ,muPi | gWPW,wɯs | wɯ̄s,wWs | w\=Ws,mɑ̄t | mɑʂtɑm,m\=At\super S | mA\:st\super SAm,tʃɯwɑgi,t\super SWwAgi,wɑtʃtʃui,wAt\super St\super Sui,wōk,w\=ok,gɯʔɯ,gWPW,stoɲ,sto{\textltailn},kɑ̄t | woʔiwɑ ,k\=At\super S | woPiwA ,ɑli ,Ali 
Pima_Bajo,ɑʔɑt | hiɑp­,APAt | hiAp\textipa{-},gōk,g\=ok,ʂūdɯg,\:s\=udWg,nɑ̄k,n\=Ak,mumk­,mumk{\textipa{-}},ɑni,Ani,­nɯm,{\textipa{-}}nWm,βuhi | βui,Buhi | Bui,mɑtk,mAtk,kɑi,kAi,ūs,\=us,βɑtɑp,BAtAp,tɯ̄giɯrɯd | hɯktɯg,t\=WgiWrWd | hWktWg,hod,hod,tɑ̄tum,t\=Atum,βip,Bip,ɑ̄pi,\=Api,βoi ,Boi ,ōʔo ,\=oPo ,nɯ̄ɲ,n\=W\textltailn,hogi,hogi,tuɑhɑg ,tuAhAg ,hɑ̄hɑg,h\=AhAg,dūk,d\=uk,kō- ,k\=o{\textipa{-}},­muɑ­,{\textipa{-}}muA{\textipa{-}},ɯ̄ʔɯr,\=WPWr,ɑg,Ag,oʔodɑm,oPodAm,ton,ton,­hɯmɑd,{\textipa{-}}hWmAd,dɑ̄k,d\=Ak,ʃūdɯg | ɑʃu̱t,S\=udWg | AS\=*ut,dɯ̄ | dɯw,d\=W | dWw,ʂɑʔβɑg,\:sAPBAg,oidig,oid\super Zig,tɑi,tAi,ɑ̄ti,\=Ati,iʔi,iPi,nɯid­ | tɯ̄g,nWid\super Z{\textipa{-}} | t\=Wg,kokmɯr,kokmWr,βɯtdɯ­,BWtdW{\textipa{-}},gogiʃ,gogiS,tɑʂ,tA\:s,dɑʔiti,dAPit\super Si,gīgɯ­,g\={\i}gW{\textipa{-}},mɑʂɑd,mA\:sAd,mɑhkɯin,mAhkWin,ibdɯr,ibdWr,ɑɁɑn,APAn,toɑ,toA,βɑ̄m,B\=Am,uʔug,uPug,moʔo,moPo,bid | biɉ,bid | bi{\textctd},dɯwɯr,dWwWr,tɑr | gōk,tAr | g\=ok,tuk,tuk,tɯiɲ,tWi{\textltailn},tɯ̄dig,t\=Wdig,kōkɯʃ | koʃɯg,k\=okWS | koSWg,hɯg | iktu | kwɑn,hWg | iktu | k\super wAn,tɑtkɯ­,tAtkW{\textipa{-}},huht,huht,kɯk,kWk,mɑt | mɑ̄t,mAt | m\=At,βɯg,BWg,koʔɯ,koPW,hɑ̄k,h\=Ak,hɯri | hɯli,hWri | hWli,gɑk,gAk,moʔo,moPo,kūbiʃ | kubɯʃ,k\=ubiS | kubWS,koʔi | hīn | im,koPih\={\i}n | im,idi̱,id\=*i,kɑjɯr,kAjWr,okʃ,okS,ʃikɑr,SikAr,tɯβ,tWB,kiɑ̱k | kɯ̄k | kɯ̄k | kɯkwi­ | gɯβɯk,ki\=*Ak | k\=Wk | k\=Wk | kWkwi{\textipa{-}} | gWBWk,kɯ̄g | kɯgɯd,k\=Wg | kWgWd,kɯli,kWli,hīp,h\={\i}p,gɑʔɯ,gAPW,kuʃiβ,kuSiB,ɑg | ɑgɉɯ | kɑit | kɑid | nōk | tɯ̄dɑi,Ag | Ag{\textctd}W | kAit\super S | kAid | n\=ok | t\super S\=WdAi,mɯihim,mWihim,bɑhi | bɑi,bAhi | bAi,oʔi,oPi,ɯgi,Wgi,hīm | oimɯr­,h\={\i}m | oimWr{\textipa{-}},dɑhɑ | dɑ̄,dAhA | d\=A,muʔi | gɯ̱ʔɯ ,muPi | g\=*WPW ,βɯ̄ʃ,B\=WS,mɑ̄t,m\=At,tɯβɯg | tɯβgɯ | tɯβg,tWBWg | tWBgW | tWBg,komli̱miah,koml\=*imiah,βōk,B\=ok,gɯ̱ʔɯ ,g\=*WPW ,toiɲ,toi{\textltailn},βoʔɯh,BoPWh,liʔo̱b,liP\=*ob
N_Tepehuan,ɑ̄́tɯi | iβɑ́pɯtɯi,\'=AtWi | iB\'{A}pWtWi,gō̌kɑ,g\v{\=o}kA,βɑ̄̌gi | sūdɑ́gi,B\v{\=A}gi | s\=ud\'{A}gi,nɑ̄̌kɑ,n\v{\=A}kA,mūkí­,m\=uk\'{\i}{\textipa{-}},ɑ̄̌ni,\v{\=A}ni,­nɯ́mɑ | nɯmɑ́dɯ,{\textipa{-}}n\'WmA | nWm\'{A}dW,βúxi | βúi,B\'{u}xi | B\'{u}i,mɑtɑ́kɑ,mAt\'{A}kA,kɑɯ́,kA\'W,ū́ʃi,\'=uSi,βɑtópɑ,BAt\'{o}pA,,,ódɑi,\'{o}dAi,tɑ̄tɑ́mu,t\=At\'{A}mu,βípi | pípi,B\'{\i}pi | p\'{\i}pi,ɑ̄̌pi,\v{\=A}pi,βoí ,Bo\'{\i} ,óji | ṓi ,\'{o}ji | \'=oi ,­nɯ̄̌nɯ,{\textipa{-}}n\v{\=W}nW,,,tukɑ́gi,tuk\'{A}gi,ɑ̄gɑ,\=AgA,dū̌ki ,d\v{\=u}ki ,kōdá- ,k\=od\'{A}{\textipa{-}},múɑ́,m\'{u}\'{A},ɯ́rɑi,\'WrAi,ɑ̄gɑ́dɯ,\=Ag\'{A}dW,ódɑmi | ṓdɑmi,\'{o}dAmi | \'=odAmi,tō̌nɑ,t\v{\=o}nA,ɯmádo,Wm\'{A}do,dɑ̄̌kɑ,d\v{\=A}kA,sū̌dɑi,s\v{\=o}dAi,ɉíβiɑ,{{\textctd}}\'{\i}BiA,,,oiɉígi,oi{\textctd}\'{\i}gi,tɑí,tA\'{\i},ɑ̄tɯ́­,\=At\'W{\textipa{-}},­jɯ́i,{\textipa{-}}j\'Wi,nɯiɉá­ | tɯ́gɑi,nWi{{\textctd}}\'{A}{\textipa{-}} | t\'WgAi,kómi,k\'omi,utúdɯ,ut\'{u}dW,gogóʃi,gog\'{o}Si,tásɑi,t\'{A}sAi,,,gī̌gi,g\v{\={\i}}gi,mɑsɑ́dɑi,mAs\'{A}dAi,mɑ̄̌kɑi,m\v{\=A}kAi,úrɑ,\'{u}rA,ɑ̄́nɑ­,\'=AnA{\textipa{-}},tóhɑ,t\'ohA,βúɑ́mɑ | úɑ́mɑ,B\'{u}\'{A}mA | \'{u}\'{A}mA,uxúrugi ,ux\'{u}rugi,mō̑,m{\textroundcap{\=o}},bíɉɑi,b\'{\i}{\textctd}Ai,dɯβɯ́rɑi,dWB\'WrAi,tɑ́rɑ | gō̌kui,t\'{A}rA | g\v{\=o}kui,túku,t\'{u}ku,tíɲi,t\'{\i}{\textltailn}i,tɯ̄dógi,t\=Wd\'{o}gi,kṓso,k\'=oso,,,tɑ́kɑ | tɑtɑ́kɑdɯ,t\'{A}kA | tAt\'{A}kAdW,ū́tu,\'=utu,kɯí,kW\'{\i},mɑ́tɑi,m\'{A}tAi,βɯgi | βɯ̄́gi,BWgi | B\'=Wgi,­koɑ́i,{\textipa{-}}ko\'{A}i,­nóno,{\textipa{-}}n\'{o}no,,,gɑ́ki,g\'{A}ki,kǔpɑ | kúpɑi,k\v{u}pA | k\'{u}pAi,kūbúʃi,k\=ub\'{u}Si,,,íɉi,\'{i}{\textctd}i,kɑ́ícukɑi,k\'{A}\'{\i}{\textctt}ukAi,okíʃi | ṓki | úβi,ok\'{\i}Si | \'=oki | \'{u}Bi,ʃikórɑ,Sik\'{o}rA,tɯβɯ́­,tWB\'{W}{\textipa{-}},kɯ̄̌kɑ | kɯkíβɑ | gū́kɑ,k\v{\=W}kA | kWk\'{\i}BA | g\'=ukA,kɯ̄̌gɑ | kɯ̄gɑ́dɯ,k\v{\=W}gA | k\=Wg\'{A}dW,kɯ̄̌li,k\v{\=W}li,ɯ̄píɉi,\=Wp\'{\i}{\textctd}i,tūkúgɑ,t\=uk\'{u}gA,kuʃíβu,kuS\'{\i}Bu,ɑ̄́gɑ­ | kɑ́íci | ɲíókɑi | tɯtɯ́dɑ,\'=AgA{\textipa{-}} | k\'{A}\'{\i}{\textctt}i | {\textltailn}\'{\i}\'{o}kAi | tWt\'{W}dA,mɯixími,mWix\'{\i}mi,bɑ́xi,b\'{A}xi,ṓrɑi,\'=orAi,ɯ́gɑi,\'{W}gAi,ímɯi | ɑimɯ́rɑi,\'{\i}mWi | Aim\'{W}rAi,dɑ́xɑ,d\'{A}xA,múi | gɯ̄́,m\'{u}i | g\'=W,βɯ̄̌ʃi,B\v{\=W}Si,mɑ̄́tɯ ,m\'=AtW ,tɯβɑ́gi,tWB\'{A}gi,,,βō̌kɑ ,B\v{\=o}kA ,gɯ̄́,g\'=W,tóɲi,t\'{o}{\textltailn}i,,,ɑ̱li ,\=*Ali 
S_Tepehuan,ɑʔɑ̄t | hīpɑt,AP\=At | h\={\i}pAt,gōk,g\=ok,­βɑ̄ʔ | sūdɑɁi | sūdɑiɁ ,{\textipa{-}}B\=AP | s\=udAPi | s\=udAiP,nɑ̄k,n\=Ak,mūki­,m\=uki{\textipa{-}},ɑ̄ɲiʔ,\=A{\textltailn}iP,­lumɑ̄d,{\textipa{-}}lum\=Ad,βui,Bui,,,kə̄,k\={@},ūʃ,\=uS,βɑtōp,BAt\=op,,,hodɑ̱i,hod\=*Ai,tɑ̄tɑm,t\=AtAm,βípī,B\'{\i}p\={\i},ɑ̄piʔ,\=ApiP,βoi ,Boi ,ɑʔō,AP\=o,nɯ̄n,n\=Wn,,,tukɑ̄ʔ,tuk\=AP,hɑ̄hɑʔ,h\=AhAP,dūk,d\=uk,‑kōdɑ-,{\textipa{-}}k\=odA{\textipa{-}},­muɑ,{\textipa{-}}muA,ɯʔɯ̄r,WP\=Wr,,,ōʔdɑm,\=oPdAm,tōn,t\=on,mɑ̄d,m\=Ad,dɑ̄k,d\=Ak,sūdɑi,s\=udAi,dɯβi̱ɑʔ,dWB\=*iAP,,,­ʔoiɉɑʔ,{\textipa{-}}Poi{\textctd}AP,tɑi,tAi,ɑ̄ciʔ,\=A{\textctt}iP,ioʔ,ioP,nɯiɉɑ­ | tɯgi̱,nWi{{\textctd}}A{\textipa{-}} | tWg\=*i,kom,kom,,,gɑgōʃ,gAg\=oS,,,,,giɯ́,gi\'W,mɑsɑ̄d,mAs\=Ad,mɑ̄k,m\=Ak,hur,hur,ɑ̄Ɂnɑ­,\=APnA{\textipa{-}},­cuɑ,{\textipa{-}}{\textctt}uA,­ʔuɑm,{\textipa{-}}PuAm,uʔuhiʔ,uPuhiP,moʔ,moPo,biɉ,bi{\textctd},dɯβɯ̄r,dWB\=Wr,,,­cuk,{\textipa{-}}{\textctt}uk,ciɲ,{\textctt}i{\textltailn},­cɯɯdoʔ,{\textipa{-}}{\textctt}WWdoP,kōʃiɁ,k\=oSiP,,,tɑk | tɑtkɑd,tAk | tAtkAd,hūt,h\=ut,kɯi,kWi,mɑtɑ̱i,mAt\=*Ai,­βɯ̄ʔ,{\textipa{-}}B\=WP,­kuɑʔ,{\textipa{-}}kuAP,nɑnō,nAn\=o,,,­gɑk,{\textipa{-}}gAk,kūp,k\=up,kūbɯʃ,k\=ubWS,,,ɉīʔ | ɉiʔi­,{\textctd}\={\i}P | {\textctd}iPi{\textipa{-}},kɑicuk,kAi{\textctt}uk,oʔokiʃ | uβī,oPokiS | uB\={\i},ʃikōʎ,Sik\=oL,tɯβ,tWB,­kɯ̄k | kɯkβo­ | gugūk­,{\textipa{-}}k\=Wk | kWkBo{\textipa{-}} | gug\=uk{\textipa{-}},­kɯ̄ʔ,{\textipa{-}}k\=WP,kiʎī,kiL\={\i},­hɯ̄piɉ,{\textipa{-}}h\=Wpi{\textctd},tūkuʔ,t\=ukuP,kuʃβu,kuSBu,ɑʔɑgɑ­ | kɑʔic | ɲioki̱ | ɯtdɑ,APAgA{\textipa{-}} | kAPi{\textctt} | {\textltailn}iok\=*i | WtdA,mɯ̄him,m\=Whim,bɑi,bAi,ōʔiɑ,\=oPiA,gɑiʔ,gAiP,him | oiɉɑ,him | oi{\textctd}A,dɑ̄,d\=A,muiʔ | gɯʔ,muiP | gWP,βɯ̄ʃ,B\=WS,­mɑ̄t,{\textipa{-}}m\=At,tɯβɑ̄Ɂ,tWB\=AP,,,βōk,B\=ok,gɯʔ ,gWP,­coiɲ ,{\textipa{-}}{\textctt}oi{\textltailn},,,ɑʎī,AL\={\i}
Guarijío,ehte̱,eht\=*e,wokɑ̱,wok\=*A,pɑʔwi̱,pAPw\=*i,nɑhkɑ̱,nAhk\=*A,mugunɑ̱,mugun\=*A,nee̱,ne\=*e,emɑ̱,em\=*A,pusi̱,pus\=*i,mɑtɑ̱lɑ,mAt\=*AlA,kepu̱nɑ,kep\=*unA,kuu̱,ku\=*u,soɁotʃi,soPot\super Si,tewɑ̱ | rewɑ̱,tew\=*A | rew\=*A,tehte̱,teht\=*e,tɑme̱,tAm\=*e,piʔwɑ̱,piPw\=*A,muu̱,mu\=*u,poe̱,po\=*e,oʔɑ̱,oP\=*A,jeni̱ ,jen\=*i ,wiʔti̱,wiPt\super S\=*i,tugɑo̱ | rugɑo̱,tugA\=*o | rugA\=*o,sɑwɑ̱,sAw\=*A,juʔkunɑ̱,juPkun\=*A,koʔjɑ̱ni,koPj\=*Ani,meʔɑ̱ni,meP\=*Ani,elɑ̱,el\=*A,ɑwɑ̱,Aw\=*A,,,tohkopo̱ | tohkopo̱ri,t\super Sohkop\=*o | t\super Sohkop\=*ori,sene̱ | pire̱,sen\=*e | pir\=*e,jɑhkɑ̱,jAhk\=*A,posɑni̱,posAn\=*i,,,soʔpo̱ri,soPp\=*ori,kɑwi̱,kAw\=*i,nɑʔi̱,nAP\=*i,,,ihi̱nɑ,ih\=*inA,neʔne̱nɑ | tewɑni̱,nePn\=*enA | tewAn\=*i,kohti̱,koht\super S\=*i,,,kuʔti̱ | puhku̱ | tuhtu̱ri ,kuPt\super S\=*i | puhk\=*u | t\super Suht\super S\=*uri ,tɑhɑ̱,tAh\=*A,niʔinɑ̱ | neʔinɑ̱,niPin\=*A | nePin\=*A,soi̱ | wiʔi̱,so\=*i | wiP\=*i,metɑ̱,met\super S\=*A,,,sulɑ̱ | hīkɑ̱,sul\=*A | h\={\i}k\=*A,mɑʔsɑ̱,mAPs\=*A,tohsɑ̱nɑni,tohs\=*AnAni,sɑʔwɑto̱ni,sAPwAt\=*oni,tuʔruki̱,t\super SuPruk\=*i,moʔo̱,moP\=*o,,,weʔe̱,weP\=*e,tɑlɑ̱ | tono̱,tAl\=*A | ton\=*o,,,,,sijoe̱me,sijo\=*eme,kotinɑ̱,kot\super Sin\=*A,ihtɑ̱,iht\=*A,nɑwɑ̱,nAw\=*A,suhtu̱,suht\=*u,kiʔtunɑ̱,kiPt\super Sun\=*A,nɑhpiso̱,nAhpis\=*o,sehtɑ̱nɑni,seht\=*AnAni,koʔɑni̱,koPAn\=*i,kɑʔwɑ̱,kAPw\=*A,,,wɑginɑ,wAginA,kupɑ̱,kup\=*A,molonɑ̱,molon\=*A,kɑʔi̱,kAP\=*i,ihi̱,ih\=*i,pɑhti̱,pAht\super S\=*i,upi̱,up\=*i,,,tehpeku̱nɑ,tehpek\=*unA,ɑhɑwi̱ | weri̱­,AhAw\=*i | wer\=*i{\textipa{-}},,,remɑri̱,remAr\=*i,tuɁurɑwɑ̱,tuPurAw\=*A,,,kuhtɑ̱,kuht\=*A,tehto̱ | tɑni̱,teht\super S\=*o | t\super San\=*i,tɑhɑni̱,tAhAn\=*i,wɑhsi̱,wAhs\=*i,oʔse̱ | sete̱,oPs\=*e | set\=*e,,,siminɑ̱ | oi̱nɑ,simin\=*A | o\=*inA,kɑhti̱ | jɑsipɑ̱ni | jɑɑsɑ̱ni | motiwi̱,kAht\=*i | jAsip\=*Ani | jAAs\=*Ani | mot\super Siw\=*i,jomɑ̱ | jomɑ̱gɑ | muɑ̱rebɑni | weru̱,jom\=*A | jom\=*AgA | mu\=*ArebAni | wer\=*u,,,mɑtinɑ̱ | pene̱nɑ ,mAt\super Sin\=*A | pen\=*enA ,tomo̱ɑri ,tom\=*oAri ,,,tohpɑ̱ ,tohp\=*A ,werumɑ̱,werum\=*A,tononɑ̱ ,tonon\=*A ,poʔi̱ ,poP\=*i ,ɑʔme̱rimɑ ,Apm\=*erimA 
Rarámuri,te,te,okuɑ̱,oku\=*A,bɑʔwi̱,bAPw\=*i,nɑkɑ̱,nAk\=*A,muku̱,muk\=*u,nehe̱,neh\=*e,ɑmɑ̱ | imɑ̱,Am\=*A | im\=*A,busi̱,bus\=*i,mɑtɑgɑ̱ | sekɑ̱,mAtAg\=*A |sek\=*A,ɑke̱,Ak\=*e,kusi̱,kus\=*i,rotʃi̱,rot\super S\=*i,riwɑ̱,riw\=*A,rite̱,rit\=*e,rɑme̱,rAm\=*e,rɑwe̱,rAw\=*e,muhe̱,muh\=*e,buwe̱,buw\=*e,oʔti̱ | oti̱,oPt\super S\=*i | ot\super S\=*i,tʃɑme̱roɑlɑ,t\super Sam\=*eroAlA,witi̱ ,wit\super S\=*i ,rokogo̱ ,rokog\=*o,sɑwɑ̱,sAw\=*A,uku̱,uk\=*u,koʔjɑ̱,koPj\=*A,meɁɑ̱ | miɁli̱­,meP\=*A | miPl\=*i{\textipa{-}},lɑ̱,l\=*A,ɑwɑ̱,Aw\=*A,rɑrɑ̱muli,rAr\=*Amuli,toko̱bɑ | toko̱bɑlɑ,t\super Sok\=*obA | t\super Sok\=*obAlA,bile̱,bil\=*e,ɑkɑ̱,Ak\=*A,bosɑ̱ | buti̱ɑmi,bos\=*A | but\super S\=*iAmi,nɑwɑ̱ | si̱,nAw\=*A | s\=*i,sopori̱,sopor\=*i,kɑwi̱,kAw\=*i,nɑʔi̱,nAP\=*i,tɑ̱mu | tɑmi̱,t\=*Amu | tAm\=*i,bɑhi̱,bAh\=*i,ʔne̱ | riwɑ̱,Pn\=*e | riw\=*A,ego̱li,eg\=*oli,kuli̱wɑme,kul\=*iwAme,koti̱ | buku̱,kot\super S\=*i | buk\=*u,rɑje̱nɑli,rAj\=*enAli,iʔni̱,iPn\=*i,wiʔi̱,wiP\=*i,mitɑ̱,mit\super S\=*A,tiriwe̱,t\super Siriw\=*e,surɑ̱,sur\=*A,mɑɁsɑ̱,mAPs\=*A,rosɑ̱kɑmi,ros\=*AkAmi,sɑwɑlo̱ɑme,sAwAl\=*oAme,turugi̱,t\super Surug\=*i,moʔo̱,moP\=*o,wetʃoli,wet\super Soli,wiʔje̱,wiPj\=*e,rɑrɑ̱ | rono̱,rAr\=*A | ron\=*o,tʃo̱kɑme,t\super S\=*okAme,rini̱,rin\=*i,sijo̱nɑme,sij\=*onAme,koti̱,kot\super S\=*i,mɑ̱,m\=*A,nɑwɑ̱,nAw\=*A,sutu̱,sut\=*u,iki̱,ik\=*i,nɑpiso̱,nApis\=*o,sitɑ̱kɑmi,sit\=*AkAmi,koʔwɑ̱,koPw\=*A,kɑʔwɑ̱,kAPw\=*A,mɑ̱pu,m\=*Apu,wɑkitʃe̱ɑmi,wAkit\super S\=*eAmi,kupɑ̱,kup\=*A,moro̱,mor\=*o,ke,ke,jepunɑ̱ | e̱tʃi | je̱nɑ,jepun\=*A | \=*et\super Si | j\=*enA,tɑli̱ | rɑkɑ̱,tAl\=*i | rAk\=*A,muki̱,muk\=*i,tʃitu̱rɑme,t\super Sit\=*urAme,wiʔli̱,wiPl\=*i,hɑ̱wɑ | wili̱­ | wili̱bɑ̱tʃi,h\=*AwA | wil\=*i{\textipa{-}} | wil\=*ibAt\super Si,gɑʔrɑ̱,gAPr\=*A,reho̱i,reh\=*oi,rulɑ̱,rul\=*A,sɑɁpɑ̱,sAPp\=*A,kutɑ̱,kut\=*A,tɑni̱ | ru̱,t\super San\=*i | r\=*u,rɑhɑ̱ | sɑwi̱,rAh\=*A | sAw\=*i,wɑsi̱,wAs\=*i,sɑte̱,sAt\=*e,mi̱ | ­mu,m\=*i | {\textipa{-}}mu,simi̱,sim\=*i,kɑ̱ɑti | ɑsi̱rɑ | muti̱bɑ,k\=*AAt\super Si | As\=*irA | mut\super S\=*ibA,wekɑ̱,wek\=*A,omɑru̱ɑme,omAr\=*uAme,mɑti̱,mAt\super S\=*i,nori̱,nor\=*i,ɑʔke̱,Apk\=*e,ropɑ̱ ,rop\=*A ,wɑru̱,wAr\=*u,rɑtɑ̱̄mi,rAt\={\=*A}mi,boʔwi̱ ,boPw\=*i ,kuʔtɑ̱,kuPt\=*A
Eudeve,ɑte̱t,At\=*et,godu̱m,god\=*um,bɑt,bAt,nɑkɑ̱t,nAk\=*At,muku̱n,muk\=*un,nē,n\=e,hemɑ́t,hem\'{A}t,βusi̱t,Bus\=*it,mɑmɑ̱t,mAm\=*At,keβu̱βen,keB\=*uBen,hutu̱sgo | kut,hut\=*usgo | kut,kutʃu̱t,kut\super S\=*ut,tewɑ̱t,tew\=*At,tet,tet,tɑmi̱t,tAm\=*it,βii̱t,Bi\=*it,,,βoβe̱t,BoB\=*et,ho̱wɑ ,h\=*owA ,nene̱t,nen\=*et,βewɑ̱t ,Bew\=*At ,,,sɑ̱wɑ,s\=*AwA,du̱ki ,d\=*uki ,ko̱dɑn,k\=*odAn,me̱ɑn,m\=*eAn,erɑ̱t,er\=*At,,,,,tono̱t,ton\=*ot,sei,sei,dɑkɑ̱t,dAk\=*At,,,,,siβorɑ,siBorA,kɑβi̱t | kɑwi̱t,kAB\=*it | kAw\=*it,te,te,tɑmi̱de,tAm\=*ide,hiɑ̱n,hi\=*An,βitˢɑ̱n | te̱wɑn ,Bit\super s\=*An | t\=*ewAn ,,,,,tu̱ti,t\super S\=*ut\super Si,tɑ̱βi,t\=*ABi,me̱en,m\=*een,,,metˢɑ̱t,met\super s\=*At,mɑkɑ̱n | nemɑ̱kɑn,mAk\=*An | nem\=*AkAn,hi̱bes,h\=*ibes,hunsɑ,hunsA,,,sɑ̱βei,s\=*ABei,βiki̱tˢ,Bik\=*it\super s,tˢoni̱t,t\super son\=*it,,,teβɑ̱t,teB\=*At,tɑrɑ̱t,tAr\=*At,so̱βei,s\=*oBei,teni̱t,ten\=*it,sidei,sidei,kotˢo̱n,kot\super s\=*on,,,nɑ̱βɑ,n\=*ABA,sutu̱t,sut\=*ut,ke̱en,k\=*een,nɑ̱psɑ,n\=*ApsA,si̱kei,s\=*ikei,hibɑ̱ɑn | bɑɁi,hib\=*AAn | bAPi,ɑ̱kɑβorɑ,\=*AkABorA,,,wɑ̱ki,w\=*Aki,,,moro̱n,mor\=*on,kɑ,kA,,,suβɑ̱tˢi | suβu̱tsi,suB\=*At\super si | suB\=*ut\super si,hu̱hwɑ | ho̱kis,h\=*uhwA | h\=*okis,,,teβe̱i,teB\=*ei,we̱hren,w\=*ehren,,,dor,dor,sepe̱n,sep\=*en,sɑ̱bɑ,s\=*AbA,kutɑ̱t,kut\=*At,ɑ̱wɑn | ne̱hren | tetu̱bɑn,\=*AwAn | n\=*ehren | tet\super S\=*ubAn,tɑhɑ̱n,tAh\=*An,bɑsi̱t,bAs\=*it,sɑ,sA,,,dio̱n,di\=*on,kɑtˢi̱ | dɑse̱n,kAt\super s\=*i | dAs\=*en,mu̱i | we̱i,m\=*ui | w\=*ei,,,mɑ̱stiɑwɑn ,m\=*AstiAwAn ,mosi̱t ,mos\=*it ,,,siwɑ̱t | to̱ɑ ,siw\=*At | t\=*oA ,we̱i,w\=*ei,uru̱en | tono̱n,ur\=*uen | ton\=*on,βoo̱n ,Bo\=*on ,,
Ópata,ɑtte,Atte,gɑd,gAd,bɑ,bA,menɑkɑ̱,menAk\=*A,mukiɑ,mukiA,ne,ne,hemɑ,hemA,tɑm_βu̱wɑ,tAm B\=*uwA,mɑmɑ,mAmA,kɑisɑ,kAisA,,,kutʃu̱,kut\super S\=*u,tewɑ,tewA,tet,tet,tɑmi,tAmi,,,,,βoge ,Boge ,owɑ ,owA ,nene,nene,bewɑ ,bewA ,,,sɑwɑ̱,sAw\=*A,,,,,miɑriɑ,miAriA,erɑ ,erA,,,,,,,seb,seb,dɑkɑ,dAkA,,,,,tʃiɑpore,t\super SiApore,tʃɑrebɑ | tʃueɑ,t\super SArebA | t\super SueA,tɑhi,tAhi,tɑmido,tAmido,βɑis,BAis,,,,,,,titɑ,t\super SitA,tɑ̄t | tɑwe | tɑ̄,t\=At | tAwe | t\=A,nis,nis,,,metɑ,met\super SA,mɑkiɑ | mɑk,mAkiA | mAk,hidɑ,hidA,tʃihusɑ,t\super SihusA,tosɑi,tosAi,sɑwɑi,sAwAi,,,toni,t\super Soni,,,teβe,teBe,,,soβɑi | sowɑi,soBAi | soWAi,teni,teni,sidoi,sidoi,kotiɑ ,kot\super SiA ,,,nɑwɑ,nAwA,me sutu ,me sutu ,kikiɑ,kikiA,nɑpo | nɑpot,nApo | nApot,,,wɑi­,wAi{\textipa{-}},owɑ,owA,,,wɑki,wAki,,,,,kɑi,kAi,,,suβɑtʃi,suBAt\super Si,hoki | oki | huβiwɑ,hoki | oki | huBiwA,,,hɑube,hAube,ge̱­,g\=*e{\textipa{-}},,,,,sek | sepi̱,sek | sep\=*i,sɑ̱,s\=*A,,,niwɑ | tusiɑ,niwA | tusiA,tɑhɑ̱,tAh\=*A,wɑg,wAg,sɑte,sAte,,,,,kɑtte,kAtte,we | werɑ̱ | geri,we | wer\=*A | geri,,,,,memori,memori,,,siwɑti ,siwAt\super Si ,we | werɑ̱ | geri ,we | wer\=*A | geri ,,,βo,Bo,,
Arizona_Yoeme_(Yaqui),ete,ete,woi,woi,βɑ̄ʔɑm,B\=APAm,nɑkɑm,nAkAm,mūke,m\=uke,inepo | ne,inepo | ne,hēmɑm,h\=emAm,pūsim,p\=usim,mɑm,mAm,hikkɑ | hikkɑhɑ,hikkA | hikkAhA,huja,huja,kutʃu,kut\super Su,teɑm | teɑwɑm,teAm | teAwAm,tetɑ,tetA,tɑmi,tAmi,pipim,pipim,empo,empo,βōʔo,B\=oPo,otɑ ,otA ,nini ,nini ,βeɑ̱,Be\=*A,tukɑriɑ,tukAriA,sɑwɑ ,sAwA ,juke,juke,,,meʔɑ,mePA,ohβo,ohBo,ɑ̄wɑm,\=AwAm,joeme,joeme,tonom,tonom,sēnu,s\=enu,jekɑ,jekA,tɑpuni,tApuni,jɑhɑ | jepsɑ,jAhA | jepsA,tʃoki,t\super Soki,kɑwi,kAwi,tɑhi,tAhi,itepo,itepo,he̓,h\textipa{\apsup{e}},βittɑ | teɑ,Bitt\super SA | teA,βeɑ̱,Be\=*A,βemelɑ,BemelA,tūʔu,t\super S\=uPu,tɑ̄ʔɑ,t\=APA,ne̓,n\textipa{\apsup{e}},sēβo,s\=eBo,mētɑ,m\=et\super SA,mɑkkɑ | mīkɑ,mAkkA | m\={\i}kA,hiɑpsi,hiApsi,βoɑ | mɑsɑ,BoA | mAsA,tosɑi,tosAi,sɑwɑli,sAwAli,wīkit,w\={\i}kit,koβɑ | tōnim,koBA | t\super S\=onim,,,bʷiɑ,b\super wiA,wokim,wokim,tʃɯkɯi | tʃɯkɯli | tʃɯkɯri,t\super SWkWi | t\super SWkWli | t\super SWkWri,tēni,t\=eni,siɑri,siAri,kote,kot\super Se,hitɑ,hitA,nɑ̄wɑ,n\=AwA,sutum,sutum,ke̓,k\textipa{\apsup{e}},nɑposɑ,nAposA,siki,siki,hibʷɑne,hib\super wAne,kɑβɑm,kABAm,hɑβe,hABe,wɑkiɑ,wAkiA,tōnim,t\super S\=onim,bʷiti̱ɑ,b\super wit\super S\=*iA,kɑ,kA,i,i,βɑtiɑ,Bat\super SiA,hɑmut | hūβi,hAmut | h\=uBi,tikolɑ,t\super SikolA,tēβe,t\=eBe,kikte | hɑ̓bʷek,kikte | h\textipa{\apsup{A}}b\super wek,tuɁi,tuPi,oʔow,oPow,seβe,seBe,tekwɑ,tek\super wA,kutɑnɑ | βiʔɑm,kutAnA | BiPAm,tɑuhiɑ,tAuhiA,tɑjɑ,tAjA,bʷɑsiɑ,b\super wAsiA,sēɁe,s\=ePe,hu | u | wɑ | wɑi,hu | u | wA | wAi,sīme,s\={\i}me,kɑtek | hōje | jēsɑ,kAtek | h\=oje | j\=esA,ju̓ni,j\textipa{\apsup{u}}ni,tikti,t\super Sikti,mɑmmɑtte |  tɑʔɑ | hu̓neijɑ,mAmmAtte | tAPA | h\textipa{\apsup{u}}neijA,nɑ̄mu,n\=Amu,βɑhume,BAhume,tomɑ ,tomA ,bʷeʔu ,b\super wePu ,josi | sukɑ,josi | sukA,βo̓kɑ ,B\textipa{\apsup{o}}kA ,ili | ilitʃi,ili | ilit\super Si
Mayo,ette,ette,wōji,w\=oji,βɑ̄ʔɑ,B\=APA,nɑkkɑm,nAkkAm,mūke,m\=uke,i̱nɑpo,\=*inApo,hēmɑm,h\=emAm,pūsim,p\=usim,mɑm | mɑmmɑm,mAm | mAmmAm,hikkɑhɑ,hikkAhA,hujja,hujja,kuttʃu̱,kutt\super S\=*u,tewɑm,tewAm,tettɑ,tettA,tɑmmi,tAmmi,pippim,pippim,empo,empo,βōʔo,B\=oPo,ottɑ ,ottA ,ninni ,ninni ,βēwɑ ,B\=ewA ,tukɑ̄ri,tuk\=Ari,sɑwwɑ ,sAwwA ,jukke ,jukke ,,,meʔɑ,mePA,ohbo,ohbo,ɑ̄wɑm,\=AwAm,,,tonnom,tonnom,sēnu,s\=enu,jekkɑ ,jekkA,tɑpuni,tApuni,jɑhhɑ | jepsɑk,jAhhA | jepsAk,tʃokki,t\super Sokki,kɑwwi,kAwwi,tɑhhi,tAhhi,itɑpo,itApo,he̓je,h\textipa{\apsup{e}}je,βittɑ,Bitt\super SA,βēwɑ,B\=ewA,βeme̱lɑ,Bem\=*elA,tūʔu,t\super S\=uPu,tɑ̄ʔɑ,t\=APA,ne̓je,n\textipa{\apsup{e}}je,o̱tʃoko,\=*ot\super Soko,mētɑ ,m\=et\super SA ,mɑkkɑ | mīkɑ,mAkkA | m\={\i}kA,sūlɑ,s\=ulA,mɑsɑ,mAsA,tosɑli | tosɑri,tosAli | tosAri,sɑwɑ̱ri | sɑwɑ̱li,sAw\=*Ari | sAw\=*Ali,wīkit,w\={\i}kit,koββɑ | tōnim,koBBA | t\super S\=onim,,,bʷijjɑ,b\super wijjA,wokkim,wokkim,tʃɯkɯli,t\super SWkWli,tēni,t\=eni,siɑli | siɑri,siAli | siAri,kotte,kott\super Se,hitɑ | hi̱tɑsɑ,hitA | h\=*itAsA,nɑ̄wɑm,n\=AwAm,suttu,suttu,ke̓je,k\textipa{\apsup{e}}je,nɑposɑ,nAposA,sikili | sikiri,sikili | sikiri,bʷɑ̓je,b\super w\textipa{\apsup{A}}je,kɑββɑ,kABBA,hɑββe | hɑ̱βesu,hABBe | h\=*ABesu,wɑki̱ɑ,wAk\=*iA,tōnim,t\super S\=onim,bʷiti̱riɑ,b\super wit\super S\=*iriA,kɑ̄,k\=A,iʔi,iPi,βɑtiɑ,Bat\super SiA,hūβi,h\=uBi,tikolɑ,t\super SikolA,tēβe,t\=eBe,kiktek | hɑ̓bʷek,kiktek | h\textipa{\apsup{A}}b\super wek,tu̓ri,t\textipa{\apsup{u}}ri,ōʔow,\=oPow,seββe,seBBe,tekwɑ,tek\super wɑ,kutɑ̓nɑ̱wɑ | βiʔɑ,kut\textipa{\apsup{A}}n\=*AwA | BiPA,hiɑwɑ,hiAwA,tɑjjɑ,tAjjA,bʷɑsiɑ,b\super wAsiA,sēɁe,s\=ePe,hu̓ | hu̱̓ri,h\textipa{\apsup{u}} | h\textipa{\apsup{\=*u}}ri,sīme,s\={\i}me,kɑttek | hōje | jēsɑ,kAttek | h\=oje | j\=esA,ju̓ni,j\textipa{\apsup{u}}ni,tikti,t\super Sikti,mɑhti̱ɑ ,mAht\=*iA ,nɑ̄mu,n\=Amu,βɑhume,Bahume,toppɑ ,toppA ,bʷeʔuru ,b\super wePuru ,sukkɑ ,sukkA ,βo̓kɑ ,B\textipa{\apsup{o}}kA ,ilikki,ilikki
Tubar,ɑte̱t,At\=*et,njoho̱r,njoh\=*or,βɑtɑ̱,BAt\=*A,nɑkɑ̱r,nAk\=*Ar,hō­ | hū­,h\=o{\textipa{-}} | h\=u{\textipa{-}},ene̱ | ine̱,en\=*e | in\=*e,jɑmɑ̱t,jAm\=*At,telu̱r | tilu̱r,tel\=*ur | til\=*ur,mɑ­,mA{\textipa{-}},,,utɑ̱,ut\=*A,kitʃu̱t,kit\super S\=*ut,temwɑrɑ | temwɑrɑk,temwArA | temwArAk,tetɑ̱t | terɑ̱t,tet\=*At | ter\=*At,tɑmo̱r | tɑmɑ̱̃r,tAm\=*or | tAm\~{\=*A}r,wimu̱r,wim\=*ur,ipu̱,ip\=*u,wo- | wotɑ-,wo{\textipa{-}} | wotA{\textipa{-}},hotɑrɑ̱k | hotɑrɑ̱t ,hotAr\=*Ak | hotAr\=*At ,nini̱r,nin\=*ir,kuti̱t ,kut\super S\=*it ,kirimwɑli̱t,kirim\super wAl\=*it,sɑmʷɑ̱r | sɑmʷɑ̱t,sAm\super w\=*Ar | sAm\super w\=*At,horo-,horo{\textipa{-}},konjɑ­,konjA{\textipa{-}},mɑ­ | wɑ­,mA{\textipa{-}} | wA{\textipa{-}},ɑrɑ̱t,Ar\=*At,hɑmwɑ̱t,hAm\super w\=*At,,,tono̱r,ton\=*or,seme­,seme{\textipa{-}},ni̱kisor,n\=*ikisor,,,ɑsi̱­ | hɑse̱­ | heko­,As\=*i{\textipa{-}} | hAs\=*e{\textipa{-}} | heko{\textipa{-}},so̱o | so­,s\=*oo | so{\textipa{-}},,,tɑhɑme̱t,tAhAm\=*et,ite̱ | iti̱ || ete̱,it\=*e | it\=*i | et\=*e,he­,he{\textipa{-}},njere̱­ | njerɑ­ | temɑ­ | temu­,njer\=*e{\textipa{-}} | njerA{\textipa{-}} | temA{\textipa{-}} | temu{\textipa{-}},kotikɑ̱l,kot\super Sik\=*Al,hemesɑ̱t,hemes\=*At,woku̱r,wok\=*ur,tɑ̱tɑ,t\=*AtA,hɑɲɑ̱,hA{\textltailn}\=*A,,,mɑtˢɑ̱t,mAt\super s\=*At,mɑkɑ | mikɑ­ | hiliwɑ̱,mAkA | mikA{\textipa{-}} | hiliw\=*A,ɑrɑmɑli̱r | ɑβɑmɑli̱r,ArAmAl\=*ir | ABAmAl\=*ir,mɑsɑ̱r | mɑsɑ̱t,mAs\=*Ar | mAs\=*At,tosɑ̱r,tos\=*Ar,ɑrɑkɑ̱r | mokβɑsɑkɑr,ArAk\=*Ar | mokBAsAkAr,kolo̱,kol\=*o,mo­,mo{\textipa{-}},,,kʷi­,k\super wi{\textipa{-}},njoki̱r,njok\=*ir,tuku̱r,tuk\=*ur,tini̱r,tin\=*ir,ɲoɑkɑ̱r,{\textltailn}oAk\=*Ar,kos­,kos{\textipa{-}},hɑtep­ | hɑte̱k,hAtep{\textipa{-}} | hAt\=*ek,nɑmusi̱r,nAmus\=*ir,ɑlɑpo̱r,AlAp\=*or,ke­,ke{\textipa{-}},nɑsi̱t,nAs\=*it,sɑwɑkɑ̱r,sAwAk\=*Ar,ko­ | kuɑ­,ko{\textipa{-}} | kuA{\textipa{-}},netelu̱r,netel\=*ur,hɑki̱,hAk\=*i,moroni̱r,moron\=*ir,womo̱r | womɑ̱̃r,wom\=*or | wom\~{\=*A}r,kupitsi̱t,kupit\super s\=*it,kɑ­,kA{\textipa{-}},irɑ̱,ir\=*A,wɑtirɑ̱n,wAt\super Sir\=*An,tuli,tuli,,,wee̱,we\=*e,ɑkʷitu­,Ak\super witu{\textipa{-}},kiwɑ̱r,kiw\=*Ar,oɲwi,o{\textltailn}wi,sewe̱ | seβe̱,sew\=*e | seB\=*e,tikoɲwɑ̱t,tiko{\textltailn}w\=*At,mo̱ɑr,m\=*oAr,­ɑmʷɑ̱­ | njokɑ­,{\textipa{-}}Am\super w\=*A{\textipa{-}} | njokA{\textipa{-}},tɑhɑ­,tAhA{\textipa{-}},wɑkusi̱r | βɑkusi̱r,wAkus\=*ir | Bakusi\=*ir,sihɑ̱t,sih\=*At,iki̱t,ik\=*it,simi | onɑ­ | on­,simi | onA{\textipa{-}} | on{\textipa{-}},kɑte̱ | ɲetˢe̱­,kAt\=*e | {\textltailn}et\super s\=*e{\textipa{-}},muiɑ̱r | wee̱,mui\=*Ar | we\=*e,wesɑ̱t | wetˢɑ̱t,wes\=*At | wet\super s\=*At,mɑj­,mAj{\textipa{-}},mosi̱t ,mos\=*it ,onɑ­ | on­,onA{\textipa{-}} | on{\textipa{-}},njoli̱r,njol\=*ir,wee̱,we\=*e,tono̱ ,ton\=*o,,,ɑli­,Ali{\textipa{-}}
Cora,ɑ̱te,\=*Ate,wɑ̱̓pwɑ,w\textipa{\apsup{\=*A}}p\super wA,hɑh,hAh,nɑsɑi̱h,nAsA\=*ih,mɯ̓tʃi̱,m\textipa{\apsup{W}}t\super S\=*i,nē | i̱nē,n\=e | \=*in\=e,nē̱mwɑ,n\={\=*e}m\super wA,hɯ̓si̱,h\textipa{\apsup{W}}s\=*i,mwɑ̱hkɑ̓,m\super w\=*Ahk\textipa{\apsup{A}},rɑnɑmwɑ̱,rAnAm\super w\=*A,kɯje̱,kWj\=*e,wɑʔi,wAPi,̱ɑ̱ntewɑ̄,\=*Antew\=A,tete̱,tet\=*e,tɑme̱,tAm\=*e,taβi̱h,taB\=*ih,mu̱ʔē,m\=*uP\=e,huje̱,huj\=*e,kɑri̱,kAr\=*i,nɑnu̱ri ,nAn\=*uri ,nɑβi̱h,nAB\=*ih,tɯ́kɑ̓,t\'Wk\textipa{\apsup{A}},sɑmʷɑ̱,sAm\super w\=*A,meβī̱hije,meB\={\=*\i}hije,,,rɑme̓ni̱,rAm\textipa{\apsup{e}}n\=*i,sū̱re̓,s\={\=*u}r\textipa{\apsup{e}},e̓wɑ̱,\textipa{\apsup{e}}w\=*A,te̱βi,t\=*eBi,tunu̱,tun\=*u,sɑɯ̱,sA\=*W,tsu̱̓ri,t\super s\textipa{\apsup{\=*u}}ri,wɑtɑ̱husɑi,wAt\=*AhusAi,me̱pu̱.hɑ̱̓he̓βe̓me ,m\=*ep\=*u.h\textipa{\apsup{\=*A}}h\textipa{\apsup{e}}B\textipa{\apsup{e}}me ,su̱̓rɑ̓be,s\textipa{\apsup{\=*u}}r\textipa{\apsup{A}}be,ɯtsi̱,Wt\super s\=*i,tɑi̱h,tA\=*ih,i̱tēn,\=*it\=en,ne̱heje,n\=*eheje,rɑ̄tɑu,r\=AtAu,ku̱tˢɑpe̓,k\=*ut\super sAp\textipa{\apsup{e}},he̱hkʷɑ,h\=*ehk\super wA,tˢɯ̓,t\super s\textipa{\apsup{W}},tɑ̱̄ʔɑ,t\={\=*A}PA,wɑrɑ̓rɑʔisīn,wAr\textipa{\apsup{A}}rAPis\={\i}n,nē̱tʃirɑ̓ | nēni̱,n\={\=*e}t\super Sir\textipa{\apsup{A}} | n\=en\=*i,mɑ̱skɯrɑʔi,m\=*AskWrAPi,,,sɯe̱heniu̓kɑri,sW\=*eheni\textipa{\apsup{u}}kAri,ɑnɑ̱,An\=*A,kwɑinɑ,k\super wAinA,tɑu̱mwɑ | tɑu̱mwɑrɑ̓,tA\=*um\super wA | tA\=*um\super wAr\textipa{\apsup{A}},tˢūrɑ̱̄kɑʔi,t\super s\=ur\={\=*A}kAPi,muʔu̱,muP\=*u,,,tʷeh,t\super S\super weh,netepʷɑ̱,net\super Sep\super w\=*A,su̱̓mwɑrɑ̓,s\textipa{\apsup{\=*u}}m\super wAr\textipa{\apsup{A}},te̱ni,t\=*eni,hɑmwɑ̱mwɑ | ru̱ʔɑrɑh | ru̱ʔɑrɑrɑ̓,hAm\super w\=*Am\super wA | r\=*uPArAh | r\=*uPArAr\textipa{\apsup{A}},kutˢu̱,kut\super s\=*u,ti̓tɑne̱,t\textipa{\apsup{\i}}tAn\=*e,ī̱ne̓,\={\=*\i}n\textipa{\apsup{e}},sɯte̱kutˢɑpe̓,sWt\=*ekut\super sAp\textipa{\apsup{e}},rɑte̱̓,rAt\super S\textipa{\apsup{\=*e}},nɑsi̱,nAs\=*i,tɯpɑʔu,tWpAPu,rɑkʷɑʔɑ̱,rAk\super wAP\=*A,nu̱ʔe,n\=*uPe,hɑ̓tɑne̱,h\textipa{\apsup{A}}tAn\=*e,wɑ̱hti,w\=*Aht\super Si,kɯpʷɑ̱,kWp\super w\=*A,kɯ̄tˢi̱,k\=Wt\super s\=*i,kɑpu̱,kAp\=*u,ī̱ʔi,\={\=*\i}Pi,hɑtˢi̱,hAt\super s\=*i,ū̱kɑ | ɯi̱tɑ̓,\={\=*u}kA | W\=*it\textipa{\apsup{A}},sikɯ̱̄rɑ̓,sik\={\=*W}r\textipa{\apsup{A}},tē,t\=e,ɑ̱htʃē,\=*Aht\super S\=e,nɑ̱̄,n\={\=*A},tɑ̱̄tɑ̓,t\={\=*A}t\textipa{\apsup{A}},sēri | wɑ̱sē,s\=eri | w\=*As\=e,nɑkɑ̱,nAk\=*A,kɯhpi̱h,kWhp\=*ih,niū̱kɑri | ti̱̓sɑh,ni\={\=*u}kAri | t\textipa{\apsup{\=*{\i}}}sAh,tɑ̱̓htɑsin,t\textipa{\apsup{\=*A}}htAsin,kʷɑsi̱,k\super wAs\=*i,sɑ̱̄tɑ̓,s\={\=*A}t\textipa{\apsup{A}},mɯ̄mɯ,m\=WmW,nɑ̄nu̱jeʔiβe,n\=An\=*ujePiBe,ɑuhkɑ̱ | ɑuhujei̱hsɯ̓,Auhk\=*A | Auhuje\=*ihs\textipa{\apsup{W}},mʷiʔi̱ | βeʔe̱,m\super wiP\=*i | BeP\=*e,hei̱tˢe̓,he\=*it\super s\textipa{\apsup{e}},rɑmʷɑ̓rē̱,rAm\super w\textipa{\apsup{A}}r\={\=*e},hɑi̱tɯri,hA\=*itWri,ɑ̱̓hɑuβe,\textipa{\apsup{\=*A}}hAuBe,hukɑ̱,huk\=*A,βeʔe̱ ,BeP\=*e ,wɑ̱sɯkɑ ,w\=*AsWkA ,wɑkɑ̓,wAk\textipa{\apsup{A}},kɯ̱len,k\=*Wlen
Wixarika_(Huichol),ɑté,At\'{e},hū́tɑ,h\'=utA,hɑ̄́,h\'=A,nɑ̄kɑ́,n\=Ak\'{A},mɯ̄ki,m\=Wki,nḗ,n\'=e,némɑ,n\'{e}mA,hɯʂí,hW\:s\'{\i},mɑ̄mɑ́,m\=Am\'{A},enɑ,enA,kɯjḗ,kWj\'=e,kētsɯ̄́,k\=et\super s\'=W,tḗ.wɑ̄́,t\'=e.w\'=A,tētḗ,t\=et\'=e,tɑ̄mḗ,t\=Am\'=e,tɑ̄βī́,t\=AB\'={\i},iɑku,iAku,hūjḗ,h\=uj\'=e,ūmḗ- ,\=um\'=e{\textipa{-}} ,nēní ,n\=en\'{\i} ,nɑ̄βī́,n\=AB\'={\i},tɯkɑ̄́ri,tWk\'=Ari,ʂɑ̄́wɑ̄́.rī́,\:s\'=Aw\'=A.r\'={\i},βíβíjē-,B\'{\i}B\'{\i}j\=e{\textipa{-}},kūjɑ̄́-,k\=uj\'=A{\textipa{-}},mi-,mi{\textipa{-}},ʂū.ríjɑ,\:s\=u.r\'{\i}jA,,,téβí,t\'{e}B\'{\i},tēmá,t\=em\'{A},ʂeβí,\:seB\'{\i},tsū́ri,t\super s\'=uri,,,nɯɑ̱ni,nW\=*Ani,ʂorɑɁβe,\:sorAPBe,ʂūhli,\:s\=uhli,tái,t\'{A}i,tɑ̄́me,t\'=Ame,hɑri,hAri,,,,,,,tˢɯ̄́kɯ,t\super s\'=WkW,táu,t\'{A}u,,,,,métˢɑ,m\'{e}t\super sA,mikʷɑ­,mik\super wA{\textipa{-}},ijɑ̄́ri,ij\'=Ari,,,tuʂɑ̄́­,tu\:s\='A{\textipa{-}},tɑ̄́.ʂɑ́ɯje,t\'=A.\:s\'{A}Wje,βī́.kī́,B\'={\i}.k\'={\i},muʔū́,muP\'=u,,,kʷi̱e,k\super w\=*ie,kētɑ̄́,k\=et\'=A,jɯ̄́βi,j\'=WBi,tḗtɑ̄,t\'=et\=A,tsiūrɑje,t\super si\=urAje,kū́.tˢú­,k\'=u.t\super s\'{u}{\textipa{-}},hɑ́i,h\'{A}i,,,ʂɯ̄té,\:s\=Wt\'{e},kḗ­,k\'=e{\textipa{-}},,,ʂūre­,\:s\=ure{\textipa{-}},kʷɑʔɑ̄́­,k\super wAP\'=A{\textipa{-}},tɑ́wɑ̄́ri,t\'{A}w\'=Ari,qē | títɑ,q\=e | t\'{\i}tA,wɑ́ki,w\'{A}ki,kɯ̄pɑ́,k\=Wp\'{A},kɯ́tsi | kwɑ́uni,k\'{W}tsi | k\super w\'{A}uni,kɑ­,kA{\textipa{-}},ī́kɯ,\'={\i}kW,hɑtˢí,hAt\super s\'{\i},ū.kɑ̄́ | ɯimɑ́ri,\=u.k\'=A | Wim\'{A}ri,ʂíkɯ̄́.rɑ́ɯje­,\:s\'{\i}k\'=W.r\'{A}Wje{\textipa{-}},téβí­,t\'{e}B\'{\i}{\textipa{-}},ke­,ke{\textipa{-}},ɑ̱iʂɑ,\=*Ai\:sA,ukí,uk\'{\i},ʂēri,\:s\=eri,wɑ́i,w\'{A}i,kɯipí,kWip\'{\i},niukɑ­ | hɑi­ | hɑine­ | hɯɑβe­,niukA{\textipa{-}} | hAi{\textipa{-}} | hAine{\textipa{-}} | hWABe{\textipa{-}},tɑʔɑ́­,tAP\'{A}{\textipa{-}},kʷɑ̄ʂī́,k\super w\=A\:s\'={\i},ʂíe.kɑ̄́ri,\:s\'{\i}e.k\'=Ari,iwɑ́,iw\'{A},jéi­,j\'{e}i{\textipa{-}},kɑ̄téi | jɑ̄́ʂe­,k\=At\'{e}i | j\'=A\:se{\textipa{-}},mɯ́irḗ,m\'{W}ir\'=e,nɑ́i | nɑ́itɯ | junɑ́itɯ,n\'{A}i | n\'{A}itW | jun\'{A}itW,mɑ̄́te­,m\'=Ate{\textipa{-}},hɑ́i,h\'{A}i,hɑu­ | hɑuríkɑ,hAu{\textipa{-}} | hAur\'{\i}kA,hūkɑ́ | ríepɑ,h\=uk\'{A} | r\'{\i}epA,pɑ́­,p\'{A}{\textipa{-}},ʂɯ́kɑ̄́­,\:s\'{W}k\'=A{\textipa{-}},hū́­,h\'=u{\textipa{-}},pepe­,pepe{\textipa{-}}
Classical_Nahuatl,ɑtemitl,Atemit\super l,ōme,\=ome,ɑ̄tl,\=At\super l,nɑkɑstli,nAkAst\super li,miki,miki,neʔ | neʔwɑ̄tl,neP | nePw\=At\super l,ēlli,\=elli,īʃtli,\={\i}St\super li,mɑ̄itl,m\=Ait\super l,kɑki,kAki,kwɑwitl,k\super wAwit\super l,mitʃin,mit\super Sin,tōkɑ̄itl,t\=ok\=Ait\super l,tetl,tet\super l,tlɑntli,t\super lAnt\super li,ēlpɑntli,\=elpAnt\super li,mo­,mo{\textipa{-}},oʔtˡi ,oPt\super li ,omitˡ ,omit\super l,nenepilli ,nenepilli ,kʷetˡɑʃtˡi | ēwɑtˡ ,k\super wet\super lASt\super li | \=ewAt\super l ,jowɑlli,jowAlli,iswɑtˡ ,iswAt\super l ,kijɑ̄wi,kij\=Awi,,,miktiɑ̄,mikti\=A,estˡi,est\super li,kwɑkwɑwitl,k\super wAk\super wAwit\super l,tˡɑ̄kɑtˡ,t\super l\=AkAt\super l,tˡɑnkʷɑ̄itˡ,t\super lAnk\super w\=Ait\super l,sē,s\=e,jɑkɑtˡ,jAkAt\super l,peʃōntok,peS\=ontok,wītˢ ,w\={\i}t\super s ,sītˡɑlin,s\={\i}t\super lAlin,tepētl,tep\=et\super l,tˡetˡ,t\super let\super l,teʔwɑ̄n,tePw\=An,ī,\={\i},ittɑ | itwɑ,ittA | itwA,ēwɑtˡ,\=ewAt\super l,jɑnkwik,jAnk\super wik,titi,t\super Sit\super Si,tōnɑlli,t\=onAlli,pɑtˡɑ̄ni,pAt\super l\=Ani,ʃōtʃijōtl,S\=ot\super Sij\=ot\super l,mētˢtˡi,m\=et\super st\super li,mɑkɑ,mAkA,jōllōtˡ,j\=oll\=ot\super l,iʔwitˡ,iPwit\super l,istɑ̄k,ist\=Ak,kostik,kostik,tōtōtl | wītˢilin | wītˢikitˢin,t\=ot\=ot\super l | w\={\i}t\super silin | w\={\i}t\super sikit\super sin,kʷɑ̄itˡ,k\super w\=Ait\super l,,,tˡɑ̄lli,t\super l\=Alli,ikʃitˡ,ikSit\super l,tˡīltik,t\super l\={\i}ltik,kɑmɑktˡi | kɑmɑtˡ | tēntˡi,kAmAkt\super li | kAmAt\super l | t\=ent\super li,ʃoʃoktik,SoSoktik,koti,kot\super Si,tˡein,t\super lein,nelwɑtˡ,nelwAt\super l,istetˡ | istitˡ,istet\super l | istit\super l,keʔtˢomɑ,kePt\super somA,neʃtˡi,neSt\super li,tʃītʃīltik,t\super S\={\i}t\super S\={\i}ltik,kʷɑ̄,k\super w\=A,tōtoltetl,t\=otoltet\super l,ɑ̄kin,\=Akin,wɑ̄kki,w\=Akki,tˢontˡi,t\super sont\super li,pōktli,p\=okt\super li,ɑʔmō,Apm\=o,inīn,in\={\i}n,ɑttˡi | pītˢtˡi,At\super St\super li | p\={\i}t\super st\super li,sowɑtˡ,sowAt\super l,ololtik,ololtik,wējɑk,w\=ejAk,kets­ | ketsɑ­,ket\super s{\textipa{-}} | ket\super sA{\textipa{-}},kwɑlli,kwAlli,tˡɑ̄kɑtˡ | okittˡi,t\super l\=AkAt\super l | okit\super St\super li,ītˢtik | ītˢtijɑ | ītˢti | ītˢtiɑ̄ | sēwɑ,\={\i}t\super stik | \={\i}t\super stijA | \={\i}t\super sti | \={\i}t\super sti\=A | s\=ewA,nɑkɑtˡ,nAkAt\super l,kettˡi,ket\super St\super li,ilwiɑ̄,ilwi\=A,tˡɑtiɑ̄ | tˡɑtˡɑ,t\super lAti\=A | t\super lAt\super lA,kʷitlɑpilli,k\super wit\super lApilli,ʃɑ̄lli,S\=Alli,inōn,in\=on,neʔnɑmi,nePnAmi,kɑ̄ | tˡɑ̄liɑ̄,k\=A | t\super l\=Ali\=A,miɑk,miAk,īxkitʃ | motʃ | motʃi,\={\i}xkit\super S | mot\super S | mot\super Si,mɑti | mɑtiɑ̄ | mɑttiɑ̄,mAti | mAt\super Si\=A | mAt\super Sti\=A,miʃtˡi ,miSt\super li ,ɑ̄kwi,\=Akwi,iʔtetˡ | iʔtitˡ ,iPtet\super l | iPtit\super l ,wēi ,w\=ei ,tōnɑ ,t\=onA,tēkɑ ,t\=ekA,tepitsin,tepit\super sin
Tetelcingo_Mexicano,ɑtimitl,Atimit\super l,ōme,\=ome,ɑ̄tsīntli,\=At\super s\={\i}nt\super li,īnɑkɑs,\={\i}nAkAs,miki,miki,nɑhɑ,nAhA,,,īʃtelolo,\={\i}Stelolo,īmɑ̄,\={\i}m\=A,kikɑki,kikAki,kwɑwitl,k\super wAwit\super l,mitʃi,mit\super Si,ītōkɑ̄,\={\i}t\=ok\=A,tētetō,t\=etet\=o,ītlɑnkotʃ,\={\i}t\super lAnkot\super S,ījeltʃiki | ītʃītʃiwɑl,\={\i}jelt\super Siki | \={\i}t\super S\={\i}t\super SiwAl,tɑhɑ,tAhA,ohtˡi,oht\super li,mimitetˡ ,mimitet\super l,īnenepil ,\={\i}nenepil ,kʷitˡɑʃtˡi | jēwɑjōtˡ ,k\super wit\super lASt\super li | j\=ewAj\=ot\super l,jowɑli,jowAli,īswɑjo | ʃiwitˡ,\={\i}swAjo | Siwit\super l,kijɑwi,kijAwi,,,kimiktīɑ | kitlɑ̄tiɑ | tlɑtlɑ̄tiɑ,kimikt\={\i}A | kit\super l\=AtiA | t\super lAt\super l\=AtiA,jestˡi,jest\super li,,,tˡɑ̄kɑtˡ,t\super l\=AkAt\super l,ītˡɑnkʷɑte,\={\i}t\super lAnk\super wAte,sē | sente,s\=e | sente,ījekɑtˢol,\={\i}jekAt\super sol,tēntikɑ,t\=entikA,niwītˢ,niw\={\i}t\super s,sītˡɑli,s\={\i}t\super lAli,,,tˡetˢīntˡi,t\super let\super s\={\i}nt\super li,tehwɑ | tehwɑnte,tehwA | tehwAnte,konī,kon\={\i},kihtɑ,kihtA,jēwɑjōtˡ,j\=ewAj\=ot\super l,jɑnkwik,jAnk\super wik,tititō,t\super Sit\super Sit\=o,tōnɑli,t\=onAli,pɑtˡɑ̄ni,pAt\super l\=Ani,,,mētˢtˡi,m\=et\super st\super li,kimɑkɑ,kimAkA,jōlohtˡi,j\=oloht\super li,tohmitl,tohmit\super l,īstɑ̄k | tipɑ̄wɑk | tipɑktik,\={\i}st\=Ak | t\super Sip\=AwAk | t\super SipAktik,kostik,kostik,tōtōtl | wīhtˢītˢiki,t\=ot\=ot\super l | w\={\i}ht\super s\={\i}t\super siki,īkʷɑ̄ʃikɑl,\={\i}k\super w\=ASikAl,,,tˡɑ̄li,t\super l\=Ali,īkʃi,\={\i}kSi,tˡīltik,t\super l\={\i}ltik,ikɑmɑk,ikAmAk,ʃoʃoktik,SoSoktik,koti,kot\super Si,tˡī | tˡīn,t\super l\={\i} | t\super l\={\i}n,nelwɑtˡ | nelwɑjōtˡ,nelwAt\super l | nelwAj\=ot\super l,īste,\={\i}ste,kiketˢomɑ,kiket\super somA,tˡɑkoneʃtˡi,t\super lAkoneSt\super li,tʃītʃīltik,t\super S\={\i}t\super S\={\i}ltik,kikʷɑ,kik\super wA,tōtoltetl,t\=otoltet\super l,ɑ̄ki,\=Aki,wɑ̄ki,w\=Aki,tˢontˡi,t\super sont\super li,pōktli,p\=okt\super li,ɑmo,Amo,īnī | īnīnɑ̄nkɑ | nɑ̄nkɑ,\={\i}n\={\i} | \={\i}n\={\i}n\=AnkA | n\=AnkA,ʃinɑ̄ttˡi,Sin\=At\super St\super li,sowɑtˡ,sowAt\super l,jewɑltik,jewAltik,wejɑk,wejAk,moketsɑ,moket\super sA,kwɑli,k\super wAli,tˡɑ̄kɑtˡ | okittˡi,t\super l\=AkAt\super l | okit\super St\super li,ītˢtik | ītˢtiɑ | sēwɑ,\={\i}t\super stik | \={\i}t\super stiA | s\=ewA,nɑkɑtˡ,nAkAt\super l,īketkottˡɑ | īketkʷɑhjo,\={\i}ket\super Skot\super St\super lA | \={\i}ket\super Sk\super wAhjo,kilwiɑ,kilwiA,kitˡɑtiɑ,kit\super lAtiA,īkwitlɑpil,\={\i}k\super wit\super lApil,ʃɑ̄li,S\=Ali,inō | nēkɑ | inōnēkɑ | nēkɑhō,in\=o | n\=ekA | in\=on\=ekA | n\=ekAh\=o,nehnemi,nehnemi,nikɑkɑ | nikɑ | kitˡɑ̄liɑ ,nikAkA | nikA | kit\super l\=AliA ,mejɑk,mejAk,notʃi,not\super Si,kimɑti | kimɑttiɑ ,kimAti | kimAt\super StiA ,meʃtˡi ,meSt\super li ,mɑ̄wilɑ̄nɑ,m\=Awil\=AnA,īhte ,\={\i}hte ,wēji ,w\=eji ,tōnɑ ,t\=onA ,motētēkɑ | motlɑhkɑli,mot\=et\=ekA | mot\super lAhkAli,tsītsikitsī,t\super s\={\i}t\super sikit\super s\={\i}
Pochutla_Mexicano,ɑtomt,Atomt,omem,omem,ɑt,At,nekest,nekest,emok,emok,nen,nen,,,iʃtotolut,iStotolut,mɑi,mAi,keki,keki,kwɑgut,k\super wAgut,mitʃom,mit\super Som,kul,kul,tot,tot,,,tipen,tipen,muen,muen,otkɑn ,otkAn ,ot ,ot ,nenepil,nenepil,kʷeteʃt ,k\super weteSt ,owel ,owel ,ʃut ,Sut ,jekt,jekt,,,mokti,mokti,est,est,,,teket,teket,,,se,se,jeket,jeket,,,witˢ,wit\super s,,,,,tet,tet,tuen,tuen,temi,temi,itɑ,itA,,,,,tɑtom,tAt\super Som,tunel,tunel,pɑtɑnk,pAtAnk,,,mest,mest,mekɑ,mekA,lju,lju,,,tupek,t\super Supek,,,tutut,tutut,kʷɑit,k\super wAit,,,tɑl,tAl,ʃo­,So{\textipa{-}},til,til,ten,ten,ʃui,Sui,koti,kot\super Si,te,te,,,oʃt,oSt,,,noʃt,noSt,,,kʷɑ,k\super wA,titot,titot,ɑk,Ak,wɑk,wAk,tˢon,t\super son,ɑpotokt,Apotokt,ɑjɑgo | ɑs,AjAgo | As,inɑ | nɑmel,inA | nAmel,ɑʃt,ASt,glɑst,glAst,,,,,ktsɑ | tki,kt\super sA | tki,ulik,ulik,teket | okoʃt,teket | okoSt,kug'li | pinɑ,kugli | pinA,neket,neket,keʃt | koʃt,keSt | koSt,iti | nukɑ,iti | nukA,tɑti,tAti,,,,,nɑ,nA,ɑgeneumi,Ageneumi,metse,met\super se,ɑsok | miek,Asok |miek,notʃo,not\super So,meti,meti,piʃt,piSt,,,,,wjom ,wjom ,tuni,tuni,teke,teke,tutʃi | niʃtun,tut\super Si | niStun
Pipil,ɑtimet,Atimet,ūme,\=ume,ɑ̄t,\=At,­nɑkɑs,{\textipa{-}}nAkAs,miki,miki,nɑhɑ,nAhA,­eltɑpɑtʃ,{\textipa{-}}eltApAt\super S,īʃ,\={\i}S,­mej,{\textipa{-}}mej,kɑ̄ki | kɑki,k\=Aki | kAki,kwɑwit,k\super wAwit,mitʃin,mit\super Sin,tūkɑ̄j,t\=uk\=Aj,tet,tet,­tɑn,{\textipa{-}}tAn,­elpɑn | ­elpets | elkuhku,{\textipa{-}}elpAn | {\textipa{-}}elpet\super s | elkuhku,tɑhɑ,tAhA,uhti ,uhti ,ūmit ,\=umit ,­nenepil ,{\textipa{-}}nenepil ,kʷetɑʃti | ­ēwɑyu ,k\super wetASti | {\textipa{-}}\=ewAyu ,tɑjuwɑ ,tAjuwA ,iswɑt,iswAt,wets.ɑ̄t,wet\super s.\=At,,,miktiɑ,miktiA,esti,esti,,,tɑ̄kɑt,t\=AkAt,­tewɑhkɑ,{\textipa{-}}tewAhkA,sē,s\=e,­jɑk,{\textipa{-}}jAk,tēntuk,t\=entuk,wītˢ,w\={\i}t\super s,sītɑl,s\={\i}tAl,,,tīt | tit,t\={\i}t | tit,tehemet,tehemet,uni,uni,itɑ | idɑ,itA | idA,­ēwɑju ,{\textipa{-}}\=ewAju ,jɑnkwik,jAnk\super wik,,,tūnɑl,t\=unAl,pɑtɑ̄ni,pAt\=Ani,,,mētˢti,m\=et\super sti,mɑkɑ,mAkA,­jul | ­jūl | ­julu | ­jūlu,{\textipa{-}}jul | {\textipa{-}}j\=ul | {\textipa{-}}julu | {\textipa{-}}j\=ulu,­uhmiju,{\textipa{-}}uhmiju,istɑk | tipɑ̄wɑk,istAk | t\super Sip\=AwAk,tultik,tultik,tūtut ,t\=utut,kʷɑ­ | kʷɑh­ | kʷɑ̄­,k\super wA{\textipa{-}} | k\super wAh{\textipa{-}} | k\super w\=A{\textipa{-}},,,tɑ̄l,t\=Al,ikʃi | kʃi,ikSi | kSi,tīltik | kutīltik | kūtīltik ,t\={\i}ltik | kut\={\i}ltik | k\=ut\={\i}ltik ,­kɑmɑk | ­tēn,{\textipa{-}}kAmAk | {\textipa{-}}t\=en,ʃuʃuknɑh,SuSuknAh,kuti,kut\super Si,tɑ̄ | tɑj,t\=A | tAj,nelwɑt,nelwAt,istit,istit,tɑnkwɑ,tAnk\super wA,neʃti,neSti,tʃīltik,t\super S\={\i}ltik,kʷɑ,k\super wA,teksisti,teksisti,kɑ̄ | kɑh,k\=A | kAh,wɑ̄ktuk | kūwɑ̄ktuk,w\=Aktuk | k\=uw\=Aktuk,tˢun­,t\super sun{\textipa{-}},pukti,pukti,tesu,tesu,ini,ini,īʃ,\={\i}S,siwɑ̄t,siw\=At,ululnɑh | jɑwɑlnɑh | mimilnɑh,ululnAh | jAwAlnAh | mimilnAh,wejɑk | īʃkuwejɑk,wejAk | \={\i}SkuwejAk,ketsɑ,ket\super sA,jēk,j\=ek,tɑ̄kɑt | ukit,t\=AkAt | ukit\super S,sesek,sesek,nɑkɑt,nAkAt,ket­,ket\super S{\textipa{-}},ilwiɑ,ilwiA,tɑtiɑ | tɑtɑ,tAtiA | tAtA,­kwitɑpil,{\textipa{-}}k\super witApil,ɑ̄ʃɑ̄l,\=AS\=Al,uni,uni,nehnemi,nehnemi,mutɑ̄liɑ | mutsintɑ̄liɑ,mut\=AliA | mut\super sint\=AliA,mijɑk,mijAk,mutʃi,mut\super Si,mɑti | mɑttiɑ,mAti | mAt\super StiA,miʃti,miSti,,,ihti ,ihti ,wēj,w\=ej,tutūnik | tɑtɑ,tut\=unik | tAtA,mutēkɑ ,mut\=ekA ,tʃikitik | ɑtʃi | ɑtsi,t\super Sikitik | At\super Si | At\super si
,,,,,,,,,,,,,,,,,,,,,,,,,,,,,,,,,,,,,,,,,,,,,,,,,,,,,,,,,,,,,,,,,,,,,,,,,,,,,,,,,,,,,,,,,,,,,,,,,,,,,,,,,,,,,,,,,,,,,,,,,,,,,,,,,,,,,,,,,,,,,,,,,,,,,,,,,,,,,,,,,,,,,,,,,,,,,,,,,,,,,,,,,,,,,,,,,,,,,,,,,,,,
Ipai,emiɬj,emi\textbeltl\super j,hewɯk,hewWk,Ɂehɑ̄,Peh\=A,hemɑɬ,hemA\textbeltl,melɑj,melAj,Ɂeɲɑ̄tʃ | Ɂe­,Pe{\textltailn}\=At\super S | Pe{\textipa{-}},tʃepesī,t\super Sepes\={\i},ejīw,ej\={\i}w,esɑɬj,esA\textbeltl\super j,jip,jip,Ɂilj,Pil\super j,tʃē,t\super S\=e,tʃehitʃf,t\super Sehit\super Sf,Ɂewilj,Pewil\super j,ejɑ̄w,ej\=Aw,ɲemɑ̄j,{\textltailn}em\=Aj,,,Ɂɯ̄ɲɑ̄,P\=W{\textltailn}\=A,ɑq,Aq,enepɑɬ,enepA\textbeltl,ekwɑɬj | kwērr,ek\super wA\textbeltl\super j | k\super w\=err,hɯnn | kɯhɯnn,hWnn | kWhWnn,,,Ɂekwij,Pekwij,,,ɑ̄mɯ̄tʃ,\=Am\=Wt\super S,Ɂehwɑtt,PehwAtt,ekwɑ̄,ek\super w\=A,Ɂīpɑj,P\={\i}pAj,mehetɯn,mehetWn,Ɂehiŋk,PehiNk,ehɯ̄,eh\=W,hɯp | temɯr | wehɑ̄rp,hWp | temWr | weh\=Arp,wejiw,wejiw,kwenmesɑ̄p,k\super wenmes\=Ap,mɑtetɑj | mɑtekɯn,mAtetAj | mAtekWn,Ɂɑ̄w,P\=Aw,Ɂeɲɑ̄wɑptʃ,Pe{\textltailn}\=AwApt\super S,wesī,wes\={\i},ewɯ̄w,ew\=Ww,hɑ̄sejɑɬ,h\=AsejA\textbeltl,ʔehɑj | wehɑj,PehAj | wehAj,ʔehɑtt,PehAtt,ʔeɲɑ̄,Pe\textltailn\=A,wemɑn,wemAn,weʃɑj,weSAj,heɬjɑ̄,he\textbeltl\super j\=A,winī,win\={\i},ītʃih | ejɑj,\={\i}t\super Sih | ejAj,lemis,lemis,nemeʃɑp,nemeSAp,ʔekwɑs,Pek\super wAs,ʔɑ̄ʃɑ̄,P\=AS\=A,heɬjitɑ̄,he\textbeltl\super jit\=A,,,Ɂemɑt,PemAt,emilj,emil\super j,ɲiɬj,\textltailn i\textbeltl\super j,ɑ̄,\=A,hepeʃiw,hepeSiw,hemɑ̄,hem\=A,Ɂɯ̄tʃ,P\=Wt\super S,pehemɑ̄,pehem\=A,sɑljehwɯ̄w,sAl\super jehw\=Ww,tʃɯ̄kɯw | weʃɑ̄,t\super S\=WkWw | weS\=A,ʔempiɬ,Pempi\textbeltl,Ɂehwɑtt,PehwAtt,wesɑ̄w,wes\=Aw,Ɂɯr,PWr,mɑ̄p,m\=Ap,sɑ̄j,s\=Aj,lemis,lemis,ʔɯ̄hɯj,P\=WhWj,ɯmɑ̄w,Wm\=Aw,pejɑ̄,pej\=A,ʔesemɑj,PesemAj,siɲ,si\textltailn,tepetʃɯ̄rp | ʔelɯl,tepet\super S\=Wrp | PelWl,ʔeqɯɬ,PeqW\textbeltl,pehekwī | hetɑ̄t,pehek\super w\={\i} | het\=At,ʔehɑn,PehAn,ʔīkwitʃ,P\={\i}k\super wit\super S,hetʃɯ̄r,het\super S\=Wr,kɯkwɑ̄jp,kWk\super w\=Ajp,ejepɯk | īpɯk,ejepWk | \={\i}pWk,wī,w\={\i},ɑ̄rɑw,\=ArAw,hejɯɬ,hejW\textbeltl,mes.hɑrɑ̄j,mes.hAr\=Aj,pɯ̄,p\=W,wɑmp,wAmp,wenɑk,wenAk,Ɂehmīj | hemīj,Pehm\={\i}j | hem\={\i}j,ɲɑ̄mɑt,\textltailn\=AmAt,nɯr | ɯ̄jɑ̄w,nWr | \=Wj\=Aw,Ɂekwīj,Pekw\={\i}j,ɑ̄pɯɬ,\=ApW\textbeltl,etɯ̄,et\=W,ʔīkɯ̄,P\={\i}k\=W,,,weljɑk,wel\super jAk,ʔestik,Pestik
Tewa,fē,f\=e,wíje,w\'{\i}je,p̓ō,\textipa{\apsup{p}}\=o,oje,oje,tʃū̀,t\super S\`{\=u},nã,n\~a,,,tsī́,t\super s\'={\i},màn | mãn,m\`an | m\~an,t̓ṑ,\textipa{\apsup{t}}\`{\=o},fe,fe,pā̀,p\`{\=a},xã́wã́,x\'{\~a}w\'{\~a},k̓ū̀,\textipa{\apsup{k}}\`{\=u},wɛ̃̄̀,w\`{\={\~E}},wā̑,w{\textroundcap{\=a}},ũʔũ,\~uP\~u,p̓ō̑,\textipa{\apsup{p}}{\textroundcap{\=o}},féxũ,f\'{e}x\~u,hãn,h\~an,xòwàh,x\`ow\`ah,xũ̓riri,x\textipa{\apsup{\~u}}riri,ka,ka,kwan,k\super wan,,,he,he,ũ,\~u,sẽɲ,s\~e\textltailn,t̓ówa,\textipa{\apsup{t}}\'{o}wa,kũwe,k\~uwe,wi | wehpi,wi | we\super hpi,ʃũ̀h,S\`{\~u}h,,,ɑ̄,\=A,Ɂagójóh,Pag\'{o}j\'{o}h,p̓ìn,\textipa{\apsup{p}}\`{\i}n,fa,fa,nãĩ,n\~a\~{\i},sũwɛ̃h,s\~uw\~Eh,mū,m\=u,xowà,xow\`a,tsã́mβi,t\super s\'{\~a}mBi,tsé,t\super s\'{e},θàn,T\`an,ʃũŋ,S\~uN,kã̄́,k\'{\={\~a}},p̓ṓ,\textipa{\apsup{p}}\'{\=o},mɛ̃̀ʔ ,m\`{\={\~E}}P,pín,p\'{\i}n,sifik̓ũ,sifi\textipa{\apsup{k}}\~u,č̓ɛ̃̀ɁĭɁ,\textipa{\apsup{\v{c}}}\`{\~E}P\u{\i}P,tseɁĭɁ,t\super seP\u{\i}P,tsire,t\super sire,p̓on,\textipa{\apsup{p}}on,p̓ōtsi,\textipa{\apsup{p}}\=ot\super si,nãŋ,n\~aN,ʔân,P\^an,fén,f\'{e}n,sṓ,s\'{\=o},tsā̃ŋwɑ̃,t\super s\~{\=a}Nw\~A,joxo,joxo,,,pu,pu,mãnnjɑ,m\~annjA,oɁk̓áβeh,oP\textipa{\apsup{k}}\'{a}Beh,nũ,n\~u,p̓i,\textipa{\apsup{p}}i,k̓ṑ,\textipa{\apsup{k}}\`{\=o},wā́,w\'=a,toã,to\~a,t̓a,\textipa{\apsup{t}}a,fóh,f\'{o}h,iŋā́,iN\'=a,,,nɑī,nA\={\i},p̓e,\textipa{\apsup{p}}e,kwī̀,k\super w\`{={\i}},be,be,hejì,hej\`{\i},wínṹ,w\'{\i}n\'{\~u},­hiwo­,{\textipa{-}}hiwo{\textipa{-}},sen,sen,nat̓i | k̓o­,na\textipa{\apsup{t}}i | \textipa{\apsup{k}}o{\textipa{-}},tu | píβíh,tu | p\'{\i}B\'{\i}h,k̓ḗ,\textipa{\apsup{k}}\'=e,tṹ,t\'{\~u},fahãŋ,fah\~aN,xwén,x\super w\'{e}n,ʔoxã́,Pox\'{\~a},hɑī | oī,hA\={\i} | o\={\i},jiʔ,jiP,sógeh | ɑn,s\'{o}geh | An,bajeki,bajeki,t̓ɛ̃hkíh,\textipa{\apsup{t}}\~Ehk\'{\i}h,,,okúwa,ok\'{u}wa,kohsēmɛ̃̄̀,kohs\=em\`{\={\~E}},si,si,soʔjō,soPj\=o,suwa,suwa,k̓o | sa | k̓wó,\textipa{\apsup{k}}o | sa | \textipa{\apsup{k}}\super w\'{o},tʃɛ̃̄́ʔĭʔ,t\super S\'{\={\~E}}P\u{\i}P
Zuni,meʔle,mePle,kwilin,k\super wilin,lɑʔle,lAPle,lɑʃoktinne,lASoktinne,ɑʃe,Ase,hoʔ,hoP,hɑkkwɑli,hAkk\super wAli,tunɑnne,tunAnne,ɑsinne,Asinne,hɑtijɑ̄w,hAtij\=Aw,tɑttɑnne,tAttAnne,k̓ɑʃʃitɑ,\textipa{\apsup{k}}ASSitA,ʃiʔinne,SiPinne,ɑʔle,APle,oʔnɑnne,oPnAnne,mehɑnɑ | poʔhɑtɑ | kwik̓ɑ,mehAnA | poPhAtA | k\super wi\textipa{\apsup{k}}A,toʔ,toP,onɑnne,onAnne,sɑmme,sAmme,honninne,honninne,t̓sikkwɑnne,\textipa{\apsup{t}}\super sikk\super wAnne,texɬi,tex\textbeltl i,hɑʔjɑtʃinne,hAPjAt\super Sinne,ɬito,\textbeltl ito,,,ɑjnɑ,AjnA,ɑte,Ate,sɑjɑnne,sAjAnne,ʃiwi,Siwi,oʃʃinne,oSSinne,topinte,topinte,noʔlinne,noPlinne,potti,potti,ij,ij,moʔjɑtʃunne,moPjAt\super Sunne,jɑlɑnne,jAlAnne,ɑklinne,Aklinne,hon,hon,tutu,tutu,ɑŋk̓ohɑk̓ɑ,aN\textipa{\apsup{k}}ohA\textipa{\apsup{k}}A,tsikkwɑnne,t\super sikk\super wAnne,tsimʔonɑ,t\super simPonA,wɑttsitɑ,wAtt\super sitA,jɑtokkɑ,jAtokkA,lɑʔhi,lAPhi,iʃɑnɑnne,iSAnAnne,jɑtʃunne,jAt\super Sunne,ut̓sʔl | ɬejɑʔu,u\textipa{\apsup{t}}\super sPl | \textbeltl ejAPu,ik̓ēnɑnne,i\textipa{\apsup{k}}\=enAnne,lɑʔle,lAPle,k̓ohɑ,\textipa{\apsup{k}}ohA,ɬupt̓si,\textbeltl up\textipa{\apsup{t}}\super si,woʔt̓sɑnɑ,woP\textipa{\apsup{t}}\super sAnA,oʃokkwinne,oSokk\super winne,heli,heli,ɑwiteli | so,Awiteli | so,wekwinne,wek\super winne,k̓wi,\textipa{\apsup{k}}\super wi,ɑwɑtinne,AwAtinne,ɑʃenɑ,ASenA,ɑlɑ | jɑ̄telɑ,AlA | j\=AtelA,koʔpi | koppi | kwɑʔpi,koPpi | koppi | k\super wAPpi,ɬɑkwimonne,\textbeltl Ak\super wimonne,ʃontʃinne,Sont\super Sinne,utte,utte,luʔle,luPle,ʃilowɑ,SilowA,ito,ito,tokōko moʔle,tok\=oko moPle,tʃuwɑ | tʃuwɑpi,t\super SuwA | t\super SuwApi,k̓usɑ,\textipa{\apsup{k}}usA,tɑjɑ̄we,tAj\=Awe,pokɬi,pok\textbeltl i,kwɑʔ,k\super wAP,lukkɑ,lukkA,kɑʔle | tōʃōwe,kAPle | t\=oS\=owe,k̓ɑnɑkwɑjinɑnne,\textipa{\apsup{k}}AnAk\super wAjinAnne,pitsullijɑ,pit\super sullijA,tɑʃɑ,tASA,pilɑku | elemɑku,pilAku | elemAku,k̓okʃi,\textipa{\apsup{k}}okSi,ottsi,ott\super si,t̓se,\textipa{\apsup{t}}\super se,ʃiʔle,SiPle,k̓isinne,\textipa{\apsup{k}}isinne,ikwɑ | kwɑ,ik\super wA | k\super wA,tʃɑpi,t\super SApi,hokti,hokti,soʔle,soPle,uxsi,uxsi,īloʃɑ,\={\i}loSA,tinɑ | itinɑ,tinA | itinA,emmɑ,emmA,lēwi | temɬɑn,l\=ewi | tem\textbeltl An,ɑnikwɑ,Anik\super wA,lonɑ | ɬuwɑ,lonA |\textbeltl uwA,,,k̓oppʔɑn,\textipa{\apsup{k}}oppPAn,ɬɑnɑ,\textbeltl AnA,k̓ɑɬi,\textipa{\apsup{k}}A\textbeltl i,tʃuwɑ | ­jo,t\super SuwA | {\textipa{-}}jo,t̓sɑ,\textipa{\apsup{t}}\super sA
